Workbook

Sheet 00.사용안내
B2: L6(Task 단위) 프로세스 취합양식 v14
B3: 과제 #4 · 마켓센싱 리포트 AI 전환 | 에스원 AX/PI센터 PI그룹 · 260814
B5: ★ 핵심 | C5: L5 프로세스 1개는 L6 Task 3개 이상으로 쪼개집니다. L5 이름을 단어만 바꿔 L6 칸에 옮겨 적으면(1:1) AI 설계에 쓸 수 없습니다. [02.L6 세분화] 맨 오른쪽 [검증] 열이 1:1 행과 미입력 칸을 자동으로 표시합니다.
B7: ★ TO-BE 3단 구분 | C7: TO-BE 를 세 칸으로 나눠 적습니다. 섞어 쓰면 취합 때 집계가 안 됩니다. ① 변화 유형 — 어떻게 바뀌나 : 유지 · 변경 · 신설 · 삭제 ② 적용 수단 — 무엇으로 : AI · N-ERP · 시스템(AI 외) · 없음 ③ 수행 주체 — 결국 누가 : 사람 · 시스템 · AI · AI+사람 예) 사람이 엑셀로 집계하던 것을 AI 가 자동 집계 → ① 변경 ② AI ③ AI 예) 사람 판단을 AI 초안 + 사람 확정으로 → ① 변경 ② AI ③ AI+사람 예) N-ERP 표준기능 개선으로 자동 처리 → ① 변경 ② N-ERP ③ 시스템 예) 룰엔진·RPA 로 자동 처리 → ① 변경 ② 시스템(AI 외) ③ 시스템 예) 그대로 사람이 한다 → ① 유지 ② 없음 ③ 사람 ※ "자동화" 는 ① 값이 아닙니다. 「변경 + AI」 또는 「변경 + 시스템」 으로 적습니다. ※ ③ 수행 주체는 AS-IS · TO-BE 가 같은 목록입니다. 두 칸을 비교하면 무엇이 넘어가는지 보입니다.
B9: ★ 비워 둔 칸 | C9: PI그룹이 판단할 수 없어 비워 둔 칸입니다. 현업만 채울 수 있습니다. · 수행조직 (AS-IS · TO-BE) — 실제 수행 부서·팀 · 소요시간 · 인원 수 · 빈도 단위 · 빈도 횟수 · 연 대상 건수 (분홍 머리글) · 기타 KPI — 공수·시간 외에 관리하는 지표가 있을 때만 · 작성자 · 작성일 숫자 칸에는 숫자만 들어갑니다. 모르면 비우고 [추가 필요내용] 에 무엇을 모르는지 적어 주세요.
B11: ★ 회신 전에 [검증] 4칸만 보세요 | C11: 맨 오른쪽 [검증] 4칸이 자동으로 검사해 줍니다. 경고일 뿐 입력을 막지는 않습니다. ① 몇 개로 쪼갰나 같은 L5 에 몇 줄을 썼는지 ② 충분히 쪼갰나 ⚠ 1개뿐 / △ 2개뿐 / △ 하는 일이 N가지뿐 / ○ 좋음 ★ 줄 수만 늘리고 내용이 비슷하면 「하는 일이 N가지뿐」 으로 잡힙니다 하는 일 = 찾기 · 만들기 · 확인하기 · 넘기기. 전부 「만들기」 면 자료를 어디서 가져오는지, 완성본을 어디에 올리는지를 안 적은 것입니다 ③ 빈칸 있나 시간 계산에 필요한 칸이 몇 개 비었는지 (신설 줄은 현재 칸을, 삭제 줄은 개선 후 칸을 세지 않습니다) ④ 고칠 점 있나 같은 말 반복 · 덜 쪼갠 것 · 앞뒤 안 맞는 것을 짚어 줍니다 문제가 있는 줄은 왼쪽이 붉게(⚠) 또는 주황(△)으로 칠해집니다. 각 머리글에 마우스를 올리면 무엇을 검사하는지 전부 나옵니다.
B13: ★ [기준] 칸은 비워도 됩니다 | C13: 판단 기준이 있을 때만 적습니다. 없으면 그냥 비워 두세요. 적는 것 — 무엇을 보고 「된다 / 안 된다」 를 가르나 「도급액 30억 이상이면 RM파트, 30억 미만이면 엔지니어링팀장」 「하도급 비율 50% 초과면 위반」 「전월 대비 변동 폭이 크고 사업 영향도가 높은 것」 적지 않는 것 — 언제 · 누구에게 · 어떤 형식으로 하는지 「대상 : 전 프로젝트」 「주기 : 월 1회」 「수신 : 임원」 「형식 : 3줄 요약」 기준을 글로 쓸 수 있으면 그대로 자동화됩니다. 쓸 수 없으면 사람 감각으로 하는 일이라는 뜻이고, 그 일은 사람이 계속 맡게 됩니다.
B15: 시트 구성 | C15: 00.사용안내 이 시트 01.과제 개요 과제 배경 · 목표 · 대상 프로세스 (읽기용) 02.L6 세분화 ★ 입력 시트. 여기에만 씁니다 03.전체 프로세스 목록 본 과제가 속한 L1 기능의 전 프로세스 (참조 · 누락 점검) 04.코드표 드롭다운 원본 · 환산 계수
B17: 쓰는 순서 | C17: ① [01.과제 개요] 로 과제의 배경·목표·대상 프로세스를 확인합니다. ② [02.L6 세분화] 상단 노란 밴드의 작성 규칙을 읽습니다. (스크롤해도 계속 보입니다) ③ 연노랑 초안 행을 실제 업무에 맞게 고치고, 빠진 Task 를 아래에 이어서 적습니다. ④ 비어 있는 칸을 채웁니다. 열 머리글에 마우스를 올리면 작성 요령이 뜹니다. ⑤ [03.전체 프로세스 목록] 에서 「⚠ 과제 범위 · L6 미작성」 행이 남아 있는지 확인합니다. ⑥ [검증] 3개 열에 ⚠ 가 없는지 확인한 뒤, 파일명 뒤에 본인 이름을 붙여 회신합니다.
B19: 화면 조작 | C19: · 틀 고정 — [업무 내용] 열까지 고정. 오른쪽으로 스크롤해도 남습니다. · 머리글 색 — 청색 = AS-IS · 주황 = 변화 유형 · 녹색 = TO-BE · 분홍 = 숫자 입력 · 회색 = 자동 계산 · 열 그룹 — 상단 1 / 2 버튼과 ± 로 AS-IS · TO-BE 블록을 각각 접을 수 있습니다 · 자동 필터 — 머리글 행 필터로 수행 주체 · 검증 결과 등을 걸러 볼 수 있습니다
B21: Task 분리 기준 | C21: L6 세분화 가이드라인 v1 기준. 다음 중 하나라도 바뀌면 별도 행으로 나눕니다. · 수행자(담당자·부서)가 바뀔 때 · 시스템 · 도구가 바뀔 때 · 의사결정(승인 · 확정 · 판단)이 발생할 때 ★ AI 적용 난이도 판단에 중요 · Input 데이터의 종류 · 출처가 바뀔 때 · 산출물(Output)이 바뀔 때 ※ 통상 1~30분 내 완료 단위. 클릭 1회 같은 5초 이하 동작까지는 내려가지 않습니다.
B23: 환산 기준 | C23: · 1 FTE = 2,000 H / 년 · 연간 공수(H) = 소요시간(분) × 인원 수 × 연환산 ÷ 60 · 빈도 환산계수 : 일 250 · 주 52 · 월 12 · 건별/비정기 = 각 행의 [연 대상 건수] 값 · 위 값은 [04.코드표] 에서 바꿀 수 있고, 바꾸면 효과 산출 열 전체가 갱신됩니다.

Sheet 01.과제 개요
B2: 과제 개요
B3: 출처 : PI Portal [E2E 과제현황] · N-ERP To-Be 프로세스 체계도 | 값은 원본 그대로입니다.
B5: 항목 | C5: 내용
B6: 1. 과제 식별
B7: 과제 번호 | C7: PI Portal E2E 과제현황 #4 (종전 #1)
B8: 과제명 | C8: 마켓센싱 리포트 AI 전환
B9: 부문 | C9: 시큐리티
B10: 주관 (제출) | C10: 임원 : 김현국 상무 조직장 : 운영팀장
B11: 대상 프로세스 | C11: 연결된 최말단 프로세스 10건 · 1.1.2.5.1 마케팅 > Market Intelligence > MI 정보수집 > 수집 대상 자료 리서치 > 기 보유 MI정보리스트 우선 검색 · 1.1.2.8.1 마케팅 > Market Intelligence > MI 정보수집 > 보고서 등록 > MI 시스템에 조사 보고서 등록 · 1.1.2.10.1 마케팅 > Market Intelligence > MI 정보수집 > 자료/데이터 요청 > 자료/데이터 요청 · 1.1.3.4.1 마케팅 > Market Intelligence > MI 정보분석 및 시사점 도출 > 기술 환경 분석 > 기술 환경 분석 · 1.1.3.5.1 마케팅 > Market Intelligence > MI 정보분석 및 시사점 도출 > 시사점 도출 > 환경분석 시사점도출 · 1.1.3.12.1 마케팅 > Market Intelligence > MI 정보분석 및 시사점 도출 > 경쟁사 상품 비교 분석 > 경쟁사 상품 비교 분석 · 1.1.3.19.1 마케팅 > Market Intelligence > MI 정보분석 및 시사점 도출 > 주요 시사점 도출 > 고객분석 시사점 도출 · 1.1.3.20.1 마케팅 > Market Intelligence > MI 정보분석 및 시사점 도출 > 조사 보고서 작성 > 일간 MI뉴스 작성 · 1.1.3.20.2 마케팅 > Market Intelligence > MI 정보분석 및 시사점 도출 > 조사 보고서 작성 > 시장환경분석서작성 · 1.1.3.20.3 마케팅 > Market Intelligence > MI 정보분석 및 시사점 도출 > 조사 보고서 작성 > 월간 MI리포트 작성
B12: 2. 배경 · 현상
B13: Weak Point 유형 | C13: 병목
B14: 현상 | C14: 수집·정리·정형화·분석을 사람이 수작업 반복하고, 주제 선정과 인사이트 도출이 암묵지·특정인에 의존해 품질 편차가 발생한다
B15: 3. 개선 방향
B16: 개선 내용 | C16: 정형·반복 업무(수집·정리·시각화)는 자동화로 대체하고, 주제 선정·인사이트 도출은 4개 관점(상품/서비스·영업/채널·기술/인프라·마케팅) 다관점 AI 에이전트와 암묵지 자산화로 고도화한다 — 최종 판단은 사람
B17: Tool | C17: AI
B18: 자동화 수준 | C18: A (원본 코드 그대로)
B19: 필요 데이터 | C19: 공공·정책 자료, 미디어·뉴스, 연구·전문보고서, 국내외 기술전, 트렌드 뉴스레터
B20: 데이터 보유 시스템 | C20: 정책브리핑 · 국가데이터처 · 주요 언론사 · 한국은행/KDI/산업연구원 · 광고사 뉴스레터
B21: 4. 기대효과
B22: 효과 구분 | C22: 효율 제고
B23: KPI | C23: · 지표 : 업무 공수 · AS-IS : 0.5H/일 · 1MM · TO-BE : 0.05H/일 · 0.1MM
B24: L6 실측 절감 | C24: [02.L6 세분화] 의 효과 산출 열에 자동 계산됩니다. 인원 수 1 이상인 행(사람 공수)만 집계합니다. · 1 FTE = 2,000 H / 년 현재는 소요시간·인원 값이 비어 있어 0 으로 표시됩니다.
B25: 5. 안내
B26: 초안 범위 | C26: [02.L6 세분화] 의 연노랑 행 22건은 임원 제출자료에 근거가 있는 프로세스 5개를 PI그룹이 L6 로 쪼갠 제안입니다. 확정본이 아닙니다. 업무 내용 · 수행 주체 · Input · 산출물 · TO-BE 설명은 PI그룹 작성입니다. 실제 업무와 다르면 고치고, 빠진 Task 는 이어서 적어 주세요. 나머지 행은 매핑된 프로세스를 한 줄씩 깔아 둔 것입니다 — 해당 업무를 하신다면 그 줄도 L6 로 쪼개 주시고, 우리 업무가 아니면 [추가 필요내용] 에 그렇게 적어 주세요.
B27: 비워 둔 칸 | C27: 수행조직 · 소요시간 · 인원 수 · 빈도 단위 · 빈도 횟수 · 연 대상 건수 · 기타 KPI · 작성자 → PI그룹이 판단할 수 없는 값입니다. 추정치를 넣지 않았습니다.
B28: 확인 필요 | C28: ① [02.L6 세분화] 의 빈칸 전부 ② L6 분해(안) 이 실제 업무 순서·범위와 맞는지 — 빠진 Task · 불필요한 Task · 순서 ③ 연결된 프로세스가 본 과제 범위와 맞는지 (틀리면 알려 주세요 — 매핑을 고칩니다) ④ 담당 작성자 · 회신 기한

Sheet 02.L6 세분화
B2: L6(Task 단위) 프로세스 세분화 — 과제 #4 · 마켓센싱 리포트 AI 전환
B3: ★ L5 1개 → L6 3개 이상. L5 이름을 단어만 바꿔 옮겨 적으면(1:1) AI 설계에 쓸 수 없습니다. 맨 오른쪽 [검증] 열이 1:1 행과 미입력 칸을 자동으로 잡아냅니다. 쪼개는 법 ▶ ① 무엇이 이 업무를 시작시키나 → ② 시작 전 무엇을 찾아보나(조회·수집) → ③ 찾은 것으로 무엇을 만드나(작성·생성) → ④ 맞는지 누가 확인하나(검증·판단·승인) → ⑤ 결과는 어디로 가나(등록·발송·보고) TO-BE 3단 ▶ ① 변화 유형 = 어떻게 바뀌나 (유지 · 변경 · 신설 · 삭제) ② 적용 수단 = 무엇으로 (AI · N-ERP · 시스템(AI 외) · 없음) ③ 수행 주체 = 결국 누가 (사람 · 시스템 · AI · AI+사람) 산출물 ▶ AS-IS · TO-BE 각각 적습니다. 앞 행의 [산출물] 이 뒷 행의 [필요 데이터] 로 이어지면 순서가 맞습니다. 문장 ▶ 쓰지 말 것 : 관리한다 · 처리한다 · 수행한다 · 진행한다 쓸 것 : 조회 · 입력 · 산출 · 판정 · 검토 · 승인 · 발송 · 등록 1행 = 1 Task 주어·괄호 없이 "~한다" 로 종결 분홍 머리글 칸 ▶ 숫자만 넣습니다. 모르면 비워 두고 [추가 필요내용] 에 적어 주세요. ● 필수 · ◐ 조건부(빈도 단위에 따라 하나만) 회색 열은 자동 계산이라 입력하지 않습니다. 빈도는 AS-IS 만 씁니다. [검증] 4칸 ▶ 몇 개로 쪼갰나 · 충분히 쪼갰나 · 빈칸 있나 · 고칠 점 있나. 문제가 있는 행은 왼쪽이 붉게(⚠) 또는 주황(△)으로 칠해집니다. 경고일 뿐 입력을 막지는 않습니다. 머리글에 마우스를 올리면 무엇을 검사하는지 다 나옵니다. [기준] ▶ 판단 기준이 있을 때만 적습니다. 「대상 : 전 프로젝트」 「주기 : 월 1회」 같은 건 기준이 아니라서 안 적습니다.
B4: 식별 · 프로세스 연결 (사전 채움) | L4: 업무 정의 | N4: AS-IS 현재 업무 | X4: 변화 | Y4: TO-BE 개선 후 | AH4: 효과 산출 (자동계산) | AL4: 판단 · 보완 | AP4: 검증 (자동계산) | AT4: 취합
B5: No | C5: ● L5 / 프로세스 ID | D5: 과제ID | E5: ● 부문 | F5: ● L1 | G5: ● L2 | H5: ● L3 | I5: ● L4 | J5: ● L5 | K5: L6 ID (자동) | L5: ● 업무 내용 (L6) "~를 ~한다" | M5: 기준 (있을 때만) | N5: ● ③ 수행 주체 | O5: 수행조직 | P5: ● 소요시간 (분/건) | Q5: ● 인원 수 | R5: ● 빈도 단위 | S5: ◐ 빈도 횟수 | T5: ◐ 연 대상 건수 | U5: ● 필요 데이터 (Input) | V5: ● 산출물 (Output) | W5: ◐ 데이터 위치 (시스템) | X5: ● ① 변화 유형 | Y5: ● ② 적용 수단 | Z5: ● TO-BE 프로세스 설명 | AA5: ● ③ 수행 주체 | AB5: 수행조직 | AC5: ● 소요시간 (분/건) | AD5: ● 인원 수 | AE5: 필요 데이터 (Input) | AF5: ● 산출물 (Output) | AG5: 데이터 위치 (시스템) | AH5: 연간 AS-IS 공수(H) | AI5: 연간 TO-BE 공수(H) | AJ5: 절감 (H/년) | AK5: 절감 FTE | AL5: 의사결정 복잡도 | AM5: 불편한 점 (Weak Point) | AN5: 기타 KPI (공수 · 시간 외) | AO5: 추가 필요내용 (비고) | AP5: [검증] 이 L5의 Task 수 | AQ5: [검증] 쪼개기 상태 | AR5: [검증] 빈칸 | AS5: [검증] 고칠 점 | AT5: 작성자 | AU5: 작성일
B6: 1 | C6: 1.1.2.5.1 | D6: #4 | E6: 시큐리티 | F6: 마케팅 | G6: Market Intelligence | H6: MI 정보수집 | I6: 수집 대상 자료 리서치 | J6: 기 보유 MI정보리스트 우선 검색 | K6: =IF($L6="","",$C6&"-"&TEXT(COUNTIFS($C$6:$C6,$C6),"00")) -> 1.1.2.5.1-01 | L6: 공공·정책, 미디어, 연구보고서 등 기본 채널에서 대상 자료를 수집한다 | N6: 사람 | P6: 15 | Q6: 1 | R6: 일 | S6: 1 | T6: 0 | U6: 공공·정책 자료, 미디어·뉴스, 연구·전문보고서, 기술전 정보, 트렌드 뉴스레터 | V6: 수집 원자료 | W6: 외부 | X6: 변경 | Y6: AI | Z6: 5개 기본축 채널을 크롤링으로 자동 수집해 분석가의 수동 소싱을 대체한다 | AA6: AI | AE6: 공공·정책 자료, 미디어·뉴스, 연구·전문보고서, 기술전 정보, 트렌드 뉴스레터 | AF6: 수집 원자료 | AG6: AI Agent DB | AH6: =IF(OR($Q6="",$Q6=0,$P6=""),0,ROUND($P6*$Q6*IFERROR(IF($R6="건별/비정기",$T6,VLOOKUP($R6,'04.코드표'!$K$5:$L$8,2,FALSE)*$S6),0)/60,1)) -> 62.5 | AI6: =IF(OR($AD6="",$AD6=0,$AC6=""),0,ROUND($AC6*$AD6*IFERROR(IF($R6="건별/비정기",$T6,VLOOKUP($R6,'04.코드표'!$K$5:$L$8,2,FALSE)*$S6),0)/60,1)) -> 0 | AJ6: =IF($L6="","",$AH6-$AI6) -> 62.5 | AK6: =IF($L6="","",ROUND($AJ6/'04.코드표'!$L$11,2)) -> 0.03 | AL6: 하 | AM6: 5개 축을 사람이 매번 수동으로 돌며 소싱해 반복작업에 시간이 과다 소모된다 | AP6: =IF($L6="","",COUNTIFS($C$6:$C$62,$C6)) -> 4 | AQ6: =IF($L6="","",IF($AP6=1,"⚠ 1개뿐 — 더 쪼개세요",IF($AP6=2,"△ 2개뿐 — 빠진 단계 확인",IF($AZ6<=2,"△ 하는 일이 "&$AZ6&"가지뿐 — 빠진 단계 확인","○ 좋음 (하는 일 "&$AZ6&"가지)")))) -> ○ 좋음 (하는 일 3가지) | AR6: =IF($L6="","",IF($BA6=0,"○ 다 채웠음","⚠ "&$BA6&"칸 비었음")) -> ⚠ 2칸 비었음 | AS6: =IF($L6="","",IF($BB6="","○ 문제 없음","⚠ "&LEFT($BB6,LEN($BB6)-3))) -> ○ 문제 없음 | AV6: =IF($L6="","",TRIM(RIGHT(SUBSTITUTE($AW6," ",REPT(" ",120)),120))) -> 수집한다 | AW6: =SUBSTITUTE($L6,CHAR(10)," ") -> 공공·정책, 미디어, 연구보고서 등 기본 채널에서 대상 자료를 수집한다 | AX6: =SUBSTITUTE($J6,CHAR(10)," ") -> 기 보유 MI정보리스트 우선 검색 | AY6: =IF($L6="","",IF(SUMPRODUCT(--ISNUMBER(SEARCH({"조회","수집","추출","검색","파악","취합","조달","접수","연계","연동","선별","확보","입수","조사","식별","검출","감지","스크랩","필터링"},$AV6)))>0,"조회",IF(SUMPRODUCT(--ISNUMBER(SEARCH({"검토","검증","판정","판별","확인","승인","선정","대조","점검","분류","확정","평가","판단","심사","검수","비교","결정","구분","진단","판독","협의"},$AV6)))>0,"검증",IF(SUMPRODUCT(--ISNUMBER(SEARCH({"등록","발송","배포","제출","보고","이관","업로드","비치","공유","통보","알림","축적","저장","안내","제시","전달","회신","게시","기록","전파","제공","공지","요청","지시","배정","회부"},$AV6)))>0,"등록",IF(SUMPRODUCT(--ISNUMBER(SEARCH({"작성","생성","산출","제작","입력","정리","집계","분석","정형화","도출","보정","구성","정렬","반영","수립","설계","보완","요약","번역","정의","산정","갱신","수정","편성","설정","누적","가공","변환","시각화","편집","통합","부여","정제","기입","조정","제거","표시","채번"},$AV6)))>0,"작성","기타"))))) -> 조회 | AZ6: =IF($L6="","",(COUNTIFS($C$6:$C$62,$C6,$AY$6:$AY$62,"조회")>0)+(COUNTIFS($C$6:$C$62,$C6,$AY$6:$AY$62,"작성")>0)+(COUNTIFS($C$6:$C$62,$C6,$AY$6:$AY$62,"검증")>0)+(COUNTIFS($C$6:$C$62,$C6,$AY$6:$AY$62,"등록")>0)) -> 3 | BA6: =IF($L6="",0,IF($X6="신설",0,COUNTBLANK($N6)+COUNTBLANK($P6)+COUNTBLANK($Q6)+COUNTBLANK($R6)+IF($R6="건별/비정기",COUNTBLANK($T6),IF($R6="",0,COUNTBLANK($S6))))+IF($X6="삭제",0,COUNTBLANK($AC6)+COUNTBLANK($AD6))) -> 2 | BB6: =IF($L6="","",IF(AND($AX6<>"",ISNUMBER(SEARCH($AX6,$AW6))),"L5 이름을 그대로 씀 · ","")&IF(AND($L6<>"",$L6=$Z6),"개선 후 설명이 똑같음 · ","")&IF(COUNTIFS($C$6:$C$62,$C6,$L$6:$L$62,$L6)>1,"같은 내용이 또 있음 · ","")&IF(AND($U6<>"",$U6=$V6),"필요 자료와 산출물이 같음 · ","")&IF(AND($C6=$C5,$V5<>"",$U6<>"",ISERROR(SEARCH(SUBSTITUTE($V5,CHAR(10)," "),SUBSTITUTE($U6,CHAR(10)," "))),ISERROR(SEARCH(SUBSTITUTE($U6,CHAR(10)," "),SUBSTITUTE($V5,CHAR(10)," ")))),"앞 산출물과 이어지지 않음 · ","")&IF(SUMPRODUCT(--ISNUMBER(SEARCH({"관리한다","처리한다","수행한다","진행한다"},$AW6)))>0,"뭉뚱그린 동사 · ","")&IF(ISNUMBER(SEARCH("하고 ",$AW6)),"한 줄에 동작 2개 · ","")&IF(RIGHT($L6,2)<>"한다","~한다 로 안 끝남 · ","")&IF(AND($P6<>"",N($P6)>60),"1건 60분 넘음 — 더 쪼개세요 · ","")&IF(AND($AA6="AI",$AD6<>"",N($AD6)>0),"AI 혼자 하는데 사람 인원 있음 · ","")&IF(AND($AA6="AI+사람",$AD6<>"",N($AD6)=0),"사람이 확인한다는데 인원 0 · ","")&IF(AND($X6="유지",$Y6="AI"),"그대로 두는데 AI 를 쓴다고 함 · ","")&IF(AND($X6="신설",COUNT($P6,$Q6)>0),"새로 생기는 일인데 현재 공수가 있음 · ","")&IF(AND($X6="삭제",COUNT($AC6,$AD6)>0),"없애는 일인데 개선 후 공수가 있음 · ","")&IF(AND($X6<>"신설",N($AH6)>0,N($AI6)>N($AH6)),"개선 후가 지금보다 더 오래 걸림 · ","")) | BC6: =IFERROR(IF($L6="",0,1/$AP6),0) -> 0.25
B7: 2 | C7: 1.1.2.5.1 | D7: #4 | E7: 시큐리티 | F7: 마케팅 | G7: Market Intelligence | H7: MI 정보수집 | I7: 수집 대상 자료 리서치 | J7: 기 보유 MI정보리스트 우선 검색 | K7: =IF($L7="","",$C7&"-"&TEXT(COUNTIFS($C$6:$C7,$C7),"00")) -> 1.1.2.5.1-02 | L7: 기 보유 MI정보리스트와 대조하여 중복 자료를 제거한다 | N7: 사람 | P7: 5 | Q7: 1 | R7: 주 | S7: 1 | T7: 0 | U7: 수집 원자료, 기 보유 MI정보리스트 | V7: 중복 제거된 자료 목록 | W7: 확인 필요 | X7: 변경 | Y7: AI | Z7: 기 보유 리스트와의 대조가 자동 수행되어 중복 자료가 수집 단계에서 걸러진다 | AA7: AI | AE7: 수집 원자료, 기 보유 MI정보리스트 | AF7: 중복 제거된 자료 목록 | AG7: AI Agent DB | AH7: =IF(OR($Q7="",$Q7=0,$P7=""),0,ROUND($P7*$Q7*IFERROR(IF($R7="건별/비정기",$T7,VLOOKUP($R7,'04.코드표'!$K$5:$L$8,2,FALSE)*$S7),0)/60,1)) -> 4.3 | AI7: =IF(OR($AD7="",$AD7=0,$AC7=""),0,ROUND($AC7*$AD7*IFERROR(IF($R7="건별/비정기",$T7,VLOOKUP($R7,'04.코드표'!$K$5:$L$8,2,FALSE)*$S7),0)/60,1)) -> 0 | AJ7: =IF($L7="","",$AH7-$AI7) -> 4.3 | AK7: =IF($L7="","",ROUND($AJ7/'04.코드표'!$L$11,2)) -> 0 | AL7: 하 | AM7: 이미 보유한 자료인지 사람이 일일이 검색해 확인해야 한다 | AP7: =IF($L7="","",COUNTIFS($C$6:$C$62,$C7)) -> 4 | AQ7: =IF($L7="","",IF($AP7=1,"⚠ 1개뿐 — 더 쪼개세요",IF($AP7=2,"△ 2개뿐 — 빠진 단계 확인",IF($AZ7<=2,"△ 하는 일이 "&$AZ7&"가지뿐 — 빠진 단계 확인","○ 좋음 (하는 일 "&$AZ7&"가지)")))) -> ○ 좋음 (하는 일 3가지) | AR7: =IF($L7="","",IF($BA7=0,"○ 다 채웠음","⚠ "&$BA7&"칸 비었음")) -> ⚠ 2칸 비었음 | AS7: =IF($L7="","",IF($BB7="","○ 문제 없음","⚠ "&LEFT($BB7,LEN($BB7)-3))) -> ○ 문제 없음 | AV7: =IF($L7="","",TRIM(RIGHT(SUBSTITUTE($AW7," ",REPT(" ",120)),120))) -> 제거한다 | AW7: =SUBSTITUTE($L7,CHAR(10)," ") -> 기 보유 MI정보리스트와 대조하여 중복 자료를 제거한다 | AX7: =SUBSTITUTE($J7,CHAR(10)," ") -> 기 보유 MI정보리스트 우선 검색 | AY7: =IF($L7="","",IF(SUMPRODUCT(--ISNUMBER(SEARCH({"조회","수집","추출","검색","파악","취합","조달","접수","연계","연동","선별","확보","입수","조사","식별","검출","감지","스크랩","필터링"},$AV7)))>0,"조회",IF(SUMPRODUCT(--ISNUMBER(SEARCH({"검토","검증","판정","판별","확인","승인","선정","대조","점검","분류","확정","평가","판단","심사","검수","비교","결정","구분","진단","판독","협의"},$AV7)))>0,"검증",IF(SUMPRODUCT(--ISNUMBER(SEARCH({"등록","발송","배포","제출","보고","이관","업로드","비치","공유","통보","알림","축적","저장","안내","제시","전달","회신","게시","기록","전파","제공","공지","요청","지시","배정","회부"},$AV7)))>0,"등록",IF(SUMPRODUCT(--ISNUMBER(SEARCH({"작성","생성","산출","제작","입력","정리","집계","분석","정형화","도출","보정","구성","정렬","반영","수립","설계","보완","요약","번역","정의","산정","갱신","수정","편성","설정","누적","가공","변환","시각화","편집","통합","부여","정제","기입","조정","제거","표시","채번"},$AV7)))>0,"작성","기타"))))) -> 작성 | AZ7: =IF($L7="","",(COUNTIFS($C$6:$C$62,$C7,$AY$6:$AY$62,"조회")>0)+(COUNTIFS($C$6:$C$62,$C7,$AY$6:$AY$62,"작성")>0)+(COUNTIFS($C$6:$C$62,$C7,$AY$6:$AY$62,"검증")>0)+(COUNTIFS($C$6:$C$62,$C7,$AY$6:$AY$62,"등록")>0)) -> 3 | BA7: =IF($L7="",0,IF($X7="신설",0,COUNTBLANK($N7)+COUNTBLANK($P7)+COUNTBLANK($Q7)+COUNTBLANK($R7)+IF($R7="건별/비정기",COUNTBLANK($T7),IF($R7="",0,COUNTBLANK($S7))))+IF($X7="삭제",0,COUNTBLANK($AC7)+COUNTBLANK($AD7))) -> 2 | BB7: =IF($L7="","",IF(AND($AX7<>"",ISNUMBER(SEARCH($AX7,$AW7))),"L5 이름을 그대로 씀 · ","")&IF(AND($L7<>"",$L7=$Z7),"개선 후 설명이 똑같음 · ","")&IF(COUNTIFS($C$6:$C$62,$C7,$L$6:$L$62,$L7)>1,"같은 내용이 또 있음 · ","")&IF(AND($U7<>"",$U7=$V7),"필요 자료와 산출물이 같음 · ","")&IF(AND($C7=$C5,$V5<>"",$U7<>"",ISERROR(SEARCH(SUBSTITUTE($V5,CHAR(10)," "),SUBSTITUTE($U7,CHAR(10)," "))),ISERROR(SEARCH(SUBSTITUTE($U7,CHAR(10)," "),SUBSTITUTE($V5,CHAR(10)," ")))),"앞 산출물과 이어지지 않음 · ","")&IF(SUMPRODUCT(--ISNUMBER(SEARCH({"관리한다","처리한다","수행한다","진행한다"},$AW7)))>0,"뭉뚱그린 동사 · ","")&IF(ISNUMBER(SEARCH("하고 ",$AW7)),"한 줄에 동작 2개 · ","")&IF(RIGHT($L7,2)<>"한다","~한다 로 안 끝남 · ","")&IF(AND($P7<>"",N($P7)>60),"1건 60분 넘음 — 더 쪼개세요 · ","")&IF(AND($AA7="AI",$AD7<>"",N($AD7)>0),"AI 혼자 하는데 사람 인원 있음 · ","")&IF(AND($AA7="AI+사람",$AD7<>"",N($AD7)=0),"사람이 확인한다는데 인원 0 · ","")&IF(AND($X7="유지",$Y7="AI"),"그대로 두는데 AI 를 쓴다고 함 · ","")&IF(AND($X7="신설",COUNT($P7,$Q7)>0),"새로 생기는 일인데 현재 공수가 있음 · ","")&IF(AND($X7="삭제",COUNT($AC7,$AD7)>0),"없애는 일인데 개선 후 공수가 있음 · ","")&IF(AND($X7<>"신설",N($AH7)>0,N($AI7)>N($AH7)),"개선 후가 지금보다 더 오래 걸림 · ","")) | BC7: =IFERROR(IF($L7="",0,1/$AP7),0) -> 0.25
B8: 3 | C8: 1.1.2.5.1 | D8: #4 | E8: 시큐리티 | F8: 마케팅 | G8: Market Intelligence | H8: MI 정보수집 | I8: 수집 대상 자료 리서치 | J8: 기 보유 MI정보리스트 우선 검색 | K8: =IF($L8="","",$C8&"-"&TEXT(COUNTIFS($C$6:$C8,$C8),"00")) -> 1.1.2.5.1-03 | L8: 정의된 선별 기준에 따라 수집 자료를 1차 선별한다 | M8: 자료가 정의된 조사 범위와 선별 기준에 부합하는지 여부 | N8: 사람 | P8: 15 | Q8: 1 | R8: 주 | S8: 1 | T8: 0 | U8: 중복 제거된 자료 목록, 범위·선별 기준 | V8: 1차 선별 자료 | W8: offline(개인PC) | X8: 변경 | Y8: AI | Z8: AI가 사전 정의된 선별 기준으로 1차 선별을 수행하고 분석가는 경계 사례만 확인한다 | AA8: AI+사람 | AE8: 중복 제거된 자료 목록, 범위·선별 기준 | AF8: 1차 선별 자료 | AG8: AI Agent DB | AH8: =IF(OR($Q8="",$Q8=0,$P8=""),0,ROUND($P8*$Q8*IFERROR(IF($R8="건별/비정기",$T8,VLOOKUP($R8,'04.코드표'!$K$5:$L$8,2,FALSE)*$S8),0)/60,1)) -> 13 | AI8: =IF(OR($AD8="",$AD8=0,$AC8=""),0,ROUND($AC8*$AD8*IFERROR(IF($R8="건별/비정기",$T8,VLOOKUP($R8,'04.코드표'!$K$5:$L$8,2,FALSE)*$S8),0)/60,1)) -> 0 | AJ8: =IF($L8="","",$AH8-$AI8) -> 13 | AK8: =IF($L8="","",ROUND($AJ8/'04.코드표'!$L$11,2)) -> 0.01 | AL8: 상 | AM8: 무엇을 왜 뽑는지가 암묵지로 남아 특정인에 의존하고 품질 편차가 발생한다 | AP8: =IF($L8="","",COUNTIFS($C$6:$C$62,$C8)) -> 4 | AQ8: =IF($L8="","",IF($AP8=1,"⚠ 1개뿐 — 더 쪼개세요",IF($AP8=2,"△ 2개뿐 — 빠진 단계 확인",IF($AZ8<=2,"△ 하는 일이 "&$AZ8&"가지뿐 — 빠진 단계 확인","○ 좋음 (하는 일 "&$AZ8&"가지)")))) -> ○ 좋음 (하는 일 3가지) | AR8: =IF($L8="","",IF($BA8=0,"○ 다 채웠음","⚠ "&$BA8&"칸 비었음")) -> ⚠ 2칸 비었음 | AS8: =IF($L8="","",IF($BB8="","○ 문제 없음","⚠ "&LEFT($BB8,LEN($BB8)-3))) -> ○ 문제 없음 | AV8: =IF($L8="","",TRIM(RIGHT(SUBSTITUTE($AW8," ",REPT(" ",120)),120))) -> 선별한다 | AW8: =SUBSTITUTE($L8,CHAR(10)," ") -> 정의된 선별 기준에 따라 수집 자료를 1차 선별한다 | AX8: =SUBSTITUTE($J8,CHAR(10)," ") -> 기 보유 MI정보리스트 우선 검색 | AY8: =IF($L8="","",IF(SUMPRODUCT(--ISNUMBER(SEARCH({"조회","수집","추출","검색","파악","취합","조달","접수","연계","연동","선별","확보","입수","조사","식별","검출","감지","스크랩","필터링"},$AV8)))>0,"조회",IF(SUMPRODUCT(--ISNUMBER(SEARCH({"검토","검증","판정","판별","확인","승인","선정","대조","점검","분류","확정","평가","판단","심사","검수","비교","결정","구분","진단","판독","협의"},$AV8)))>0,"검증",IF(SUMPRODUCT(--ISNUMBER(SEARCH({"등록","발송","배포","제출","보고","이관","업로드","비치","공유","통보","알림","축적","저장","안내","제시","전달","회신","게시","기록","전파","제공","공지","요청","지시","배정","회부"},$AV8)))>0,"등록",IF(SUMPRODUCT(--ISNUMBER(SEARCH({"작성","생성","산출","제작","입력","정리","집계","분석","정형화","도출","보정","구성","정렬","반영","수립","설계","보완","요약","번역","정의","산정","갱신","수정","편성","설정","누적","가공","변환","시각화","편집","통합","부여","정제","기입","조정","제거","표시","채번"},$AV8)))>0,"작성","기타"))))) -> 조회 | AZ8: =IF($L8="","",(COUNTIFS($C$6:$C$62,$C8,$AY$6:$AY$62,"조회")>0)+(COUNTIFS($C$6:$C$62,$C8,$AY$6:$AY$62,"작성")>0)+(COUNTIFS($C$6:$C$62,$C8,$AY$6:$AY$62,"검증")>0)+(COUNTIFS($C$6:$C$62,$C8,$AY$6:$AY$62,"등록")>0)) -> 3 | BA8: =IF($L8="",0,IF($X8="신설",0,COUNTBLANK($N8)+COUNTBLANK($P8)+COUNTBLANK($Q8)+COUNTBLANK($R8)+IF($R8="건별/비정기",COUNTBLANK($T8),IF($R8="",0,COUNTBLANK($S8))))+IF($X8="삭제",0,COUNTBLANK($AC8)+COUNTBLANK($AD8))) -> 2 | BB8: =IF($L8="","",IF(AND($AX8<>"",ISNUMBER(SEARCH($AX8,$AW8))),"L5 이름을 그대로 씀 · ","")&IF(AND($L8<>"",$L8=$Z8),"개선 후 설명이 똑같음 · ","")&IF(COUNTIFS($C$6:$C$62,$C8,$L$6:$L$62,$L8)>1,"같은 내용이 또 있음 · ","")&IF(AND($U8<>"",$U8=$V8),"필요 자료와 산출물이 같음 · ","")&IF(AND($C8=$C5,$V5<>"",$U8<>"",ISERROR(SEARCH(SUBSTITUTE($V5,CHAR(10)," "),SUBSTITUTE($U8,CHAR(10)," "))),ISERROR(SEARCH(SUBSTITUTE($U8,CHAR(10)," "),SUBSTITUTE($V5,CHAR(10)," ")))),"앞 산출물과 이어지지 않음 · ","")&IF(SUMPRODUCT(--ISNUMBER(SEARCH({"관리한다","처리한다","수행한다","진행한다"},$AW8)))>0,"뭉뚱그린 동사 · ","")&IF(ISNUMBER(SEARCH("하고 ",$AW8)),"한 줄에 동작 2개 · ","")&IF(RIGHT($L8,2)<>"한다","~한다 로 안 끝남 · ","")&IF(AND($P8<>"",N($P8)>60),"1건 60분 넘음 — 더 쪼개세요 · ","")&IF(AND($AA8="AI",$AD8<>"",N($AD8)>0),"AI 혼자 하는데 사람 인원 있음 · ","")&IF(AND($AA8="AI+사람",$AD8<>"",N($AD8)=0),"사람이 확인한다는데 인원 0 · ","")&IF(AND($X8="유지",$Y8="AI"),"그대로 두는데 AI 를 쓴다고 함 · ","")&IF(AND($X8="신설",COUNT($P8,$Q8)>0),"새로 생기는 일인데 현재 공수가 있음 · ","")&IF(AND($X8="삭제",COUNT($AC8,$AD8)>0),"없애는 일인데 개선 후 공수가 있음 · ","")&IF(AND($X8<>"신설",N($AH8)>0,N($AI8)>N($AH8)),"개선 후가 지금보다 더 오래 걸림 · ","")) | BC8: =IFERROR(IF($L8="",0,1/$AP8),0) -> 0.25
B9: 4 | C9: 1.1.2.5.1 | D9: #4 | E9: 시큐리티 | F9: 마케팅 | G9: Market Intelligence | H9: MI 정보수집 | I9: 수집 대상 자료 리서치 | J9: 기 보유 MI정보리스트 우선 검색 | K9: =IF($L9="","",$C9&"-"&TEXT(COUNTIFS($C$6:$C9,$C9),"00")) -> 1.1.2.5.1-04 | L9: 선별 결과와 채택·기각 사유를 지식 계층에 기록한다 | N9: 사람 | P9: 5 | Q9: 1 | R9: 주 | S9: 1 | T9: 0 | U9: 1차 선별 자료, 채택·기각 판단 근거 | V9: 채택/기각 기록 | W9: offline(개인PC) | X9: 신설 | Y9: AI | Z9: 채택과 기각의 근거를 표준 양식으로 구조화해 기록하고 이후 학습 데이터로 활용한다 | AA9: AI+사람 | AE9: 1차 선별 자료, 채택·기각 판단 근거 | AF9: 채택/기각 기록 | AG9: AI Agent DB | AH9: =IF(OR($Q9="",$Q9=0,$P9=""),0,ROUND($P9*$Q9*IFERROR(IF($R9="건별/비정기",$T9,VLOOKUP($R9,'04.코드표'!$K$5:$L$8,2,FALSE)*$S9),0)/60,1)) -> 4.3 | AI9: =IF(OR($AD9="",$AD9=0,$AC9=""),0,ROUND($AC9*$AD9*IFERROR(IF($R9="건별/비정기",$T9,VLOOKUP($R9,'04.코드표'!$K$5:$L$8,2,FALSE)*$S9),0)/60,1)) -> 0 | AJ9: =IF($L9="","",$AH9-$AI9) -> 4.3 | AK9: =IF($L9="","",ROUND($AJ9/'04.코드표'!$L$11,2)) -> 0 | AL9: 중 | AM9: 왜 뽑고 왜 버렸는지가 기록되지 않아 판단 근거가 조직에 남지 않는다 | AP9: =IF($L9="","",COUNTIFS($C$6:$C$62,$C9)) -> 4 | AQ9: =IF($L9="","",IF($AP9=1,"⚠ 1개뿐 — 더 쪼개세요",IF($AP9=2,"△ 2개뿐 — 빠진 단계 확인",IF($AZ9<=2,"△ 하는 일이 "&$AZ9&"가지뿐 — 빠진 단계 확인","○ 좋음 (하는 일 "&$AZ9&"가지)")))) -> ○ 좋음 (하는 일 3가지) | AR9: =IF($L9="","",IF($BA9=0,"○ 다 채웠음","⚠ "&$BA9&"칸 비었음")) -> ⚠ 2칸 비었음 | AS9: =IF($L9="","",IF($BB9="","○ 문제 없음","⚠ "&LEFT($BB9,LEN($BB9)-3))) -> ⚠ 새로 생기는 일인데 현재 공수가 있음 | AV9: =IF($L9="","",TRIM(RIGHT(SUBSTITUTE($AW9," ",REPT(" ",120)),120))) -> 기록한다 | AW9: =SUBSTITUTE($L9,CHAR(10)," ") -> 선별 결과와 채택·기각 사유를 지식 계층에 기록한다 | AX9: =SUBSTITUTE($J9,CHAR(10)," ") -> 기 보유 MI정보리스트 우선 검색 | AY9: =IF($L9="","",IF(SUMPRODUCT(--ISNUMBER(SEARCH({"조회","수집","추출","검색","파악","취합","조달","접수","연계","연동","선별","확보","입수","조사","식별","검출","감지","스크랩","필터링"},$AV9)))>0,"조회",IF(SUMPRODUCT(--ISNUMBER(SEARCH({"검토","검증","판정","판별","확인","승인","선정","대조","점검","분류","확정","평가","판단","심사","검수","비교","결정","구분","진단","판독","협의"},$AV9)))>0,"검증",IF(SUMPRODUCT(--ISNUMBER(SEARCH({"등록","발송","배포","제출","보고","이관","업로드","비치","공유","통보","알림","축적","저장","안내","제시","전달","회신","게시","기록","전파","제공","공지","요청","지시","배정","회부"},$AV9)))>0,"등록",IF(SUMPRODUCT(--ISNUMBER(SEARCH({"작성","생성","산출","제작","입력","정리","집계","분석","정형화","도출","보정","구성","정렬","반영","수립","설계","보완","요약","번역","정의","산정","갱신","수정","편성","설정","누적","가공","변환","시각화","편집","통합","부여","정제","기입","조정","제거","표시","채번"},$AV9)))>0,"작성","기타"))))) -> 등록 | AZ9: =IF($L9="","",(COUNTIFS($C$6:$C$62,$C9,$AY$6:$AY$62,"조회")>0)+(COUNTIFS($C$6:$C$62,$C9,$AY$6:$AY$62,"작성")>0)+(COUNTIFS($C$6:$C$62,$C9,$AY$6:$AY$62,"검증")>0)+(COUNTIFS($C$6:$C$62,$C9,$AY$6:$AY$62,"등록")>0)) -> 3 | BA9: =IF($L9="",0,IF($X9="신설",0,COUNTBLANK($N9)+COUNTBLANK($P9)+COUNTBLANK($Q9)+COUNTBLANK($R9)+IF($R9="건별/비정기",COUNTBLANK($T9),IF($R9="",0,COUNTBLANK($S9))))+IF($X9="삭제",0,COUNTBLANK($AC9)+COUNTBLANK($AD9))) -> 2 | BB9: =IF($L9="","",IF(AND($AX9<>"",ISNUMBER(SEARCH($AX9,$AW9))),"L5 이름을 그대로 씀 · ","")&IF(AND($L9<>"",$L9=$Z9),"개선 후 설명이 똑같음 · ","")&IF(COUNTIFS($C$6:$C$62,$C9,$L$6:$L$62,$L9)>1,"같은 내용이 또 있음 · ","")&IF(AND($U9<>"",$U9=$V9),"필요 자료와 산출물이 같음 · ","")&IF(AND($C9=$C5,$V5<>"",$U9<>"",ISERROR(SEARCH(SUBSTITUTE($V5,CHAR(10)," "),SUBSTITUTE($U9,CHAR(10)," "))),ISERROR(SEARCH(SUBSTITUTE($U9,CHAR(10)," "),SUBSTITUTE($V5,CHAR(10)," ")))),"앞 산출물과 이어지지 않음 · ","")&IF(SUMPRODUCT(--ISNUMBER(SEARCH({"관리한다","처리한다","수행한다","진행한다"},$AW9)))>0,"뭉뚱그린 동사 · ","")&IF(ISNUMBER(SEARCH("하고 ",$AW9)),"한 줄에 동작 2개 · ","")&IF(RIGHT($L9,2)<>"한다","~한다 로 안 끝남 · ","")&IF(AND($P9<>"",N($P9)>60),"1건 60분 넘음 — 더 쪼개세요 · ","")&IF(AND($AA9="AI",$AD9<>"",N($AD9)>0),"AI 혼자 하는데 사람 인원 있음 · ","")&IF(AND($AA9="AI+사람",$AD9<>"",N($AD9)=0),"사람이 확인한다는데 인원 0 · ","")&IF(AND($X9="유지",$Y9="AI"),"그대로 두는데 AI 를 쓴다고 함 · ","")&IF(AND($X9="신설",COUNT($P9,$Q9)>0),"새로 생기는 일인데 현재 공수가 있음 · ","")&IF(AND($X9="삭제",COUNT($AC9,$AD9)>0),"없애는 일인데 개선 후 공수가 있음 · ","")&IF(AND($X9<>"신설",N($AH9)>0,N($AI9)>N($AH9)),"개선 후가 지금보다 더 오래 걸림 · ","")) -> 새로 생기는 일인데 현재 공수가 있음 · | BC9: =IFERROR(IF($L9="",0,1/$AP9),0) -> 0.25
B10: 5 | C10: 1.1.2.8.1 | D10: #4 | E10: 시큐리티 | F10: 마케팅 | G10: Market Intelligence | H10: MI 정보수집 | I10: 보고서 등록 | J10: MI 시스템에 조사 보고서 등록 | K10: =IF($L10="","",$C10&"-"&TEXT(COUNTIFS($C$6:$C10,$C10),"00")) | AH10: =IF(OR($Q10="",$Q10=0,$P10=""),0,ROUND($P10*$Q10*IFERROR(IF($R10="건별/비정기",$T10,VLOOKUP($R10,'04.코드표'!$K$5:$L$8,2,FALSE)*$S10),0)/60,1)) -> 0 | AI10: =IF(OR($AD10="",$AD10=0,$AC10=""),0,ROUND($AC10*$AD10*IFERROR(IF($R10="건별/비정기",$T10,VLOOKUP($R10,'04.코드표'!$K$5:$L$8,2,FALSE)*$S10),0)/60,1)) -> 0 | AJ10: =IF($L10="","",$AH10-$AI10) | AK10: =IF($L10="","",ROUND($AJ10/'04.코드표'!$L$11,2)) | AP10: =IF($L10="","",COUNTIFS($C$6:$C$62,$C10)) | AQ10: =IF($L10="","",IF($AP10=1,"⚠ 1개뿐 — 더 쪼개세요",IF($AP10=2,"△ 2개뿐 — 빠진 단계 확인",IF($AZ10<=2,"△ 하는 일이 "&$AZ10&"가지뿐 — 빠진 단계 확인","○ 좋음 (하는 일 "&$AZ10&"가지)")))) | AR10: =IF($L10="","",IF($BA10=0,"○ 다 채웠음","⚠ "&$BA10&"칸 비었음")) | AS10: =IF($L10="","",IF($BB10="","○ 문제 없음","⚠ "&LEFT($BB10,LEN($BB10)-3))) | AV10: =IF($L10="","",TRIM(RIGHT(SUBSTITUTE($AW10," ",REPT(" ",120)),120))) | AW10: =SUBSTITUTE($L10,CHAR(10)," ") | AX10: =SUBSTITUTE($J10,CHAR(10)," ") -> MI 시스템에 조사 보고서 등록 | AY10: =IF($L10="","",IF(SUMPRODUCT(--ISNUMBER(SEARCH({"조회","수집","추출","검색","파악","취합","조달","접수","연계","연동","선별","확보","입수","조사","식별","검출","감지","스크랩","필터링"},$AV10)))>0,"조회",IF(SUMPRODUCT(--ISNUMBER(SEARCH({"검토","검증","판정","판별","확인","승인","선정","대조","점검","분류","확정","평가","판단","심사","검수","비교","결정","구분","진단","판독","협의"},$AV10)))>0,"검증",IF(SUMPRODUCT(--ISNUMBER(SEARCH({"등록","발송","배포","제출","보고","이관","업로드","비치","공유","통보","알림","축적","저장","안내","제시","전달","회신","게시","기록","전파","제공","공지","요청","지시","배정","회부"},$AV10)))>0,"등록",IF(SUMPRODUCT(--ISNUMBER(SEARCH({"작성","생성","산출","제작","입력","정리","집계","분석","정형화","도출","보정","구성","정렬","반영","수립","설계","보완","요약","번역","정의","산정","갱신","수정","편성","설정","누적","가공","변환","시각화","편집","통합","부여","정제","기입","조정","제거","표시","채번"},$AV10)))>0,"작성","기타"))))) | AZ10: =IF($L10="","",(COUNTIFS($C$6:$C$62,$C10,$AY$6:$AY$62,"조회")>0)+(COUNTIFS($C$6:$C$62,$C10,$AY$6:$AY$62,"작성")>0)+(COUNTIFS($C$6:$C$62,$C10,$AY$6:$AY$62,"검증")>0)+(COUNTIFS($C$6:$C$62,$C10,$AY$6:$AY$62,"등록")>0)) | BA10: =IF($L10="",0,IF($X10="신설",0,COUNTBLANK($N10)+COUNTBLANK($P10)+COUNTBLANK($Q10)+COUNTBLANK($R10)+IF($R10="건별/비정기",COUNTBLANK($T10),IF($R10="",0,COUNTBLANK($S10))))+IF($X10="삭제",0,COUNTBLANK($AC10)+COUNTBLANK($AD10))) -> 0 | BB10: =IF($L10="","",IF(AND($AX10<>"",ISNUMBER(SEARCH($AX10,$AW10))),"L5 이름을 그대로 씀 · ","")&IF(AND($L10<>"",$L10=$Z10),"개선 후 설명이 똑같음 · ","")&IF(COUNTIFS($C$6:$C$62,$C10,$L$6:$L$62,$L10)>1,"같은 내용이 또 있음 · ","")&IF(AND($U10<>"",$U10=$V10),"필요 자료와 산출물이 같음 · ","")&IF(AND($C10=$C5,$V5<>"",$U10<>"",ISERROR(SEARCH(SUBSTITUTE($V5,CHAR(10)," "),SUBSTITUTE($U10,CHAR(10)," "))),ISERROR(SEARCH(SUBSTITUTE($U10,CHAR(10)," "),SUBSTITUTE($V5,CHAR(10)," ")))),"앞 산출물과 이어지지 않음 · ","")&IF(SUMPRODUCT(--ISNUMBER(SEARCH({"관리한다","처리한다","수행한다","진행한다"},$AW10)))>0,"뭉뚱그린 동사 · ","")&IF(ISNUMBER(SEARCH("하고 ",$AW10)),"한 줄에 동작 2개 · ","")&IF(RIGHT($L10,2)<>"한다","~한다 로 안 끝남 · ","")&IF(AND($P10<>"",N($P10)>60),"1건 60분 넘음 — 더 쪼개세요 · ","")&IF(AND($AA10="AI",$AD10<>"",N($AD10)>0),"AI 혼자 하는데 사람 인원 있음 · ","")&IF(AND($AA10="AI+사람",$AD10<>"",N($AD10)=0),"사람이 확인한다는데 인원 0 · ","")&IF(AND($X10="유지",$Y10="AI"),"그대로 두는데 AI 를 쓴다고 함 · ","")&IF(AND($X10="신설",COUNT($P10,$Q10)>0),"새로 생기는 일인데 현재 공수가 있음 · ","")&IF(AND($X10="삭제",COUNT($AC10,$AD10)>0),"없애는 일인데 개선 후 공수가 있음 · ","")&IF(AND($X10<>"신설",N($AH10)>0,N($AI10)>N($AH10)),"개선 후가 지금보다 더 오래 걸림 · ","")) | BC10: =IFERROR(IF($L10="",0,1/$AP10),0) -> 0
B11: 6 | C11: 1.1.2.10.1 | D11: #4 | E11: 시큐리티 | F11: 마케팅 | G11: Market Intelligence | H11: MI 정보수집 | I11: 자료/데이터 요청 | J11: 자료/데이터 요청 | K11: =IF($L11="","",$C11&"-"&TEXT(COUNTIFS($C$6:$C11,$C11),"00")) | AH11: =IF(OR($Q11="",$Q11=0,$P11=""),0,ROUND($P11*$Q11*IFERROR(IF($R11="건별/비정기",$T11,VLOOKUP($R11,'04.코드표'!$K$5:$L$8,2,FALSE)*$S11),0)/60,1)) -> 0 | AI11: =IF(OR($AD11="",$AD11=0,$AC11=""),0,ROUND($AC11*$AD11*IFERROR(IF($R11="건별/비정기",$T11,VLOOKUP($R11,'04.코드표'!$K$5:$L$8,2,FALSE)*$S11),0)/60,1)) -> 0 | AJ11: =IF($L11="","",$AH11-$AI11) | AK11: =IF($L11="","",ROUND($AJ11/'04.코드표'!$L$11,2)) | AP11: =IF($L11="","",COUNTIFS($C$6:$C$62,$C11)) | AQ11: =IF($L11="","",IF($AP11=1,"⚠ 1개뿐 — 더 쪼개세요",IF($AP11=2,"△ 2개뿐 — 빠진 단계 확인",IF($AZ11<=2,"△ 하는 일이 "&$AZ11&"가지뿐 — 빠진 단계 확인","○ 좋음 (하는 일 "&$AZ11&"가지)")))) | AR11: =IF($L11="","",IF($BA11=0,"○ 다 채웠음","⚠ "&$BA11&"칸 비었음")) | AS11: =IF($L11="","",IF($BB11="","○ 문제 없음","⚠ "&LEFT($BB11,LEN($BB11)-3))) | AV11: =IF($L11="","",TRIM(RIGHT(SUBSTITUTE($AW11," ",REPT(" ",120)),120))) | AW11: =SUBSTITUTE($L11,CHAR(10)," ") | AX11: =SUBSTITUTE($J11,CHAR(10)," ") -> 자료/데이터 요청 | AY11: =IF($L11="","",IF(SUMPRODUCT(--ISNUMBER(SEARCH({"조회","수집","추출","검색","파악","취합","조달","접수","연계","연동","선별","확보","입수","조사","식별","검출","감지","스크랩","필터링"},$AV11)))>0,"조회",IF(SUMPRODUCT(--ISNUMBER(SEARCH({"검토","검증","판정","판별","확인","승인","선정","대조","점검","분류","확정","평가","판단","심사","검수","비교","결정","구분","진단","판독","협의"},$AV11)))>0,"검증",IF(SUMPRODUCT(--ISNUMBER(SEARCH({"등록","발송","배포","제출","보고","이관","업로드","비치","공유","통보","알림","축적","저장","안내","제시","전달","회신","게시","기록","전파","제공","공지","요청","지시","배정","회부"},$AV11)))>0,"등록",IF(SUMPRODUCT(--ISNUMBER(SEARCH({"작성","생성","산출","제작","입력","정리","집계","분석","정형화","도출","보정","구성","정렬","반영","수립","설계","보완","요약","번역","정의","산정","갱신","수정","편성","설정","누적","가공","변환","시각화","편집","통합","부여","정제","기입","조정","제거","표시","채번"},$AV11)))>0,"작성","기타"))))) | AZ11: =IF($L11="","",(COUNTIFS($C$6:$C$62,$C11,$AY$6:$AY$62,"조회")>0)+(COUNTIFS($C$6:$C$62,$C11,$AY$6:$AY$62,"작성")>0)+(COUNTIFS($C$6:$C$62,$C11,$AY$6:$AY$62,"검증")>0)+(COUNTIFS($C$6:$C$62,$C11,$AY$6:$AY$62,"등록")>0)) | BA11: =IF($L11="",0,IF($X11="신설",0,COUNTBLANK($N11)+COUNTBLANK($P11)+COUNTBLANK($Q11)+COUNTBLANK($R11)+IF($R11="건별/비정기",COUNTBLANK($T11),IF($R11="",0,COUNTBLANK($S11))))+IF($X11="삭제",0,COUNTBLANK($AC11)+COUNTBLANK($AD11))) -> 0 | BB11: =IF($L11="","",IF(AND($AX11<>"",ISNUMBER(SEARCH($AX11,$AW11))),"L5 이름을 그대로 씀 · ","")&IF(AND($L11<>"",$L11=$Z11),"개선 후 설명이 똑같음 · ","")&IF(COUNTIFS($C$6:$C$62,$C11,$L$6:$L$62,$L11)>1,"같은 내용이 또 있음 · ","")&IF(AND($U11<>"",$U11=$V11),"필요 자료와 산출물이 같음 · ","")&IF(AND($C11=$C5,$V5<>"",$U11<>"",ISERROR(SEARCH(SUBSTITUTE($V5,CHAR(10)," "),SUBSTITUTE($U11,CHAR(10)," "))),ISERROR(SEARCH(SUBSTITUTE($U11,CHAR(10)," "),SUBSTITUTE($V5,CHAR(10)," ")))),"앞 산출물과 이어지지 않음 · ","")&IF(SUMPRODUCT(--ISNUMBER(SEARCH({"관리한다","처리한다","수행한다","진행한다"},$AW11)))>0,"뭉뚱그린 동사 · ","")&IF(ISNUMBER(SEARCH("하고 ",$AW11)),"한 줄에 동작 2개 · ","")&IF(RIGHT($L11,2)<>"한다","~한다 로 안 끝남 · ","")&IF(AND($P11<>"",N($P11)>60),"1건 60분 넘음 — 더 쪼개세요 · ","")&IF(AND($AA11="AI",$AD11<>"",N($AD11)>0),"AI 혼자 하는데 사람 인원 있음 · ","")&IF(AND($AA11="AI+사람",$AD11<>"",N($AD11)=0),"사람이 확인한다는데 인원 0 · ","")&IF(AND($X11="유지",$Y11="AI"),"그대로 두는데 AI 를 쓴다고 함 · ","")&IF(AND($X11="신설",COUNT($P11,$Q11)>0),"새로 생기는 일인데 현재 공수가 있음 · ","")&IF(AND($X11="삭제",COUNT($AC11,$AD11)>0),"없애는 일인데 개선 후 공수가 있음 · ","")&IF(AND($X11<>"신설",N($AH11)>0,N($AI11)>N($AH11)),"개선 후가 지금보다 더 오래 걸림 · ","")) | BC11: =IFERROR(IF($L11="",0,1/$AP11),0) -> 0
B12: 7 | C12: 1.1.3.4.1 | D12: #4 | E12: 시큐리티 | F12: 마케팅 | G12: Market Intelligence | H12: MI 정보분석 및 시사점 도출 | I12: 기술 환경 분석 | J12: 기술 환경 분석 | K12: =IF($L12="","",$C12&"-"&TEXT(COUNTIFS($C$6:$C12,$C12),"00")) -> 1.1.3.4.1-01 | L12: 수집·선별된 자료에서 기술 환경 관련 정보를 추출한다 | N12: 사람 | P12: 25 | Q12: 1 | R12: 일 | S12: 1 | T12: 0 | U12: 1차 선별 자료, 국내외 기술전 정보 | V12: 기술 환경 관련 정보 | W12: 외부 | X12: 변경 | Y12: AI | Z12: AI가 선별 자료에서 기술 환경 관련 항목을 자동 추출해 분석 입력으로 정리한다 | AA12: AI | AE12: 1차 선별 자료, 국내외 기술전 정보 | AF12: 기술 환경 관련 정보 | AG12: AI Agent DB | AH12: =IF(OR($Q12="",$Q12=0,$P12=""),0,ROUND($P12*$Q12*IFERROR(IF($R12="건별/비정기",$T12,VLOOKUP($R12,'04.코드표'!$K$5:$L$8,2,FALSE)*$S12),0)/60,1)) -> 104.2 | AI12: =IF(OR($AD12="",$AD12=0,$AC12=""),0,ROUND($AC12*$AD12*IFERROR(IF($R12="건별/비정기",$T12,VLOOKUP($R12,'04.코드표'!$K$5:$L$8,2,FALSE)*$S12),0)/60,1)) -> 0 | AJ12: =IF($L12="","",$AH12-$AI12) -> 104.2 | AK12: =IF($L12="","",ROUND($AJ12/'04.코드표'!$L$11,2)) -> 0.05 | AL12: 하 | AM12: 분석에 쓸 내용을 자료 더미에서 사람이 골라내야 한다 | AP12: =IF($L12="","",COUNTIFS($C$6:$C$62,$C12)) -> 4 | AQ12: =IF($L12="","",IF($AP12=1,"⚠ 1개뿐 — 더 쪼개세요",IF($AP12=2,"△ 2개뿐 — 빠진 단계 확인",IF($AZ12<=2,"△ 하는 일이 "&$AZ12&"가지뿐 — 빠진 단계 확인","○ 좋음 (하는 일 "&$AZ12&"가지)")))) -> ○ 좋음 (하는 일 3가지) | AR12: =IF($L12="","",IF($BA12=0,"○ 다 채웠음","⚠ "&$BA12&"칸 비었음")) -> ⚠ 2칸 비었음 | AS12: =IF($L12="","",IF($BB12="","○ 문제 없음","⚠ "&LEFT($BB12,LEN($BB12)-3))) -> ○ 문제 없음 | AV12: =IF($L12="","",TRIM(RIGHT(SUBSTITUTE($AW12," ",REPT(" ",120)),120))) -> 추출한다 | AW12: =SUBSTITUTE($L12,CHAR(10)," ") -> 수집·선별된 자료에서 기술 환경 관련 정보를 추출한다 | AX12: =SUBSTITUTE($J12,CHAR(10)," ") -> 기술 환경 분석 | AY12: =IF($L12="","",IF(SUMPRODUCT(--ISNUMBER(SEARCH({"조회","수집","추출","검색","파악","취합","조달","접수","연계","연동","선별","확보","입수","조사","식별","검출","감지","스크랩","필터링"},$AV12)))>0,"조회",IF(SUMPRODUCT(--ISNUMBER(SEARCH({"검토","검증","판정","판별","확인","승인","선정","대조","점검","분류","확정","평가","판단","심사","검수","비교","결정","구분","진단","판독","협의"},$AV12)))>0,"검증",IF(SUMPRODUCT(--ISNUMBER(SEARCH({"등록","발송","배포","제출","보고","이관","업로드","비치","공유","통보","알림","축적","저장","안내","제시","전달","회신","게시","기록","전파","제공","공지","요청","지시","배정","회부"},$AV12)))>0,"등록",IF(SUMPRODUCT(--ISNUMBER(SEARCH({"작성","생성","산출","제작","입력","정리","집계","분석","정형화","도출","보정","구성","정렬","반영","수립","설계","보완","요약","번역","정의","산정","갱신","수정","편성","설정","누적","가공","변환","시각화","편집","통합","부여","정제","기입","조정","제거","표시","채번"},$AV12)))>0,"작성","기타"))))) -> 조회 | AZ12: =IF($L12="","",(COUNTIFS($C$6:$C$62,$C12,$AY$6:$AY$62,"조회")>0)+(COUNTIFS($C$6:$C$62,$C12,$AY$6:$AY$62,"작성")>0)+(COUNTIFS($C$6:$C$62,$C12,$AY$6:$AY$62,"검증")>0)+(COUNTIFS($C$6:$C$62,$C12,$AY$6:$AY$62,"등록")>0)) -> 3 | BA12: =IF($L12="",0,IF($X12="신설",0,COUNTBLANK($N12)+COUNTBLANK($P12)+COUNTBLANK($Q12)+COUNTBLANK($R12)+IF($R12="건별/비정기",COUNTBLANK($T12),IF($R12="",0,COUNTBLANK($S12))))+IF($X12="삭제",0,COUNTBLANK($AC12)+COUNTBLANK($AD12))) -> 2 | BB12: =IF($L12="","",IF(AND($AX12<>"",ISNUMBER(SEARCH($AX12,$AW12))),"L5 이름을 그대로 씀 · ","")&IF(AND($L12<>"",$L12=$Z12),"개선 후 설명이 똑같음 · ","")&IF(COUNTIFS($C$6:$C$62,$C12,$L$6:$L$62,$L12)>1,"같은 내용이 또 있음 · ","")&IF(AND($U12<>"",$U12=$V12),"필요 자료와 산출물이 같음 · ","")&IF(AND($C12=$C5,$V5<>"",$U12<>"",ISERROR(SEARCH(SUBSTITUTE($V5,CHAR(10)," "),SUBSTITUTE($U12,CHAR(10)," "))),ISERROR(SEARCH(SUBSTITUTE($U12,CHAR(10)," "),SUBSTITUTE($V5,CHAR(10)," ")))),"앞 산출물과 이어지지 않음 · ","")&IF(SUMPRODUCT(--ISNUMBER(SEARCH({"관리한다","처리한다","수행한다","진행한다"},$AW12)))>0,"뭉뚱그린 동사 · ","")&IF(ISNUMBER(SEARCH("하고 ",$AW12)),"한 줄에 동작 2개 · ","")&IF(RIGHT($L12,2)<>"한다","~한다 로 안 끝남 · ","")&IF(AND($P12<>"",N($P12)>60),"1건 60분 넘음 — 더 쪼개세요 · ","")&IF(AND($AA12="AI",$AD12<>"",N($AD12)>0),"AI 혼자 하는데 사람 인원 있음 · ","")&IF(AND($AA12="AI+사람",$AD12<>"",N($AD12)=0),"사람이 확인한다는데 인원 0 · ","")&IF(AND($X12="유지",$Y12="AI"),"그대로 두는데 AI 를 쓴다고 함 · ","")&IF(AND($X12="신설",COUNT($P12,$Q12)>0),"새로 생기는 일인데 현재 공수가 있음 · ","")&IF(AND($X12="삭제",COUNT($AC12,$AD12)>0),"없애는 일인데 개선 후 공수가 있음 · ","")&IF(AND($X12<>"신설",N($AH12)>0,N($AI12)>N($AH12)),"개선 후가 지금보다 더 오래 걸림 · ","")) | BC12: =IFERROR(IF($L12="",0,1/$AP12),0) -> 0.25
B13: 8 | C13: 1.1.3.4.1 | D13: #4 | E13: 시큐리티 | F13: 마케팅 | G13: Market Intelligence | H13: MI 정보분석 및 시사점 도출 | I13: 기술 환경 분석 | J13: 기술 환경 분석 | K13: =IF($L13="","",$C13&"-"&TEXT(COUNTIFS($C$6:$C13,$C13),"00")) -> 1.1.3.4.1-02 | L13: 외부 기술 변화가 내부 기술 역량과 시스템에 미치는 영향을 분석한다 | N13: 사람 | P13: 5 | Q13: 1 | R13: 일 | S13: 1 | T13: 0 | U13: 기술 환경 관련 정보 | V13: 기술 환경 분석 결과 | W13: offline(개인PC) | X13: 변경 | Y13: AI | Z13: 기술/인프라 관점 에이전트가 내부 역량·시스템 영향 관점의 분석안을 제시한다 | AA13: AI+사람 | AE13: 기술 환경 관련 정보 | AF13: 기술 환경 분석 결과 | AG13: AI Agent DB | AH13: =IF(OR($Q13="",$Q13=0,$P13=""),0,ROUND($P13*$Q13*IFERROR(IF($R13="건별/비정기",$T13,VLOOKUP($R13,'04.코드표'!$K$5:$L$8,2,FALSE)*$S13),0)/60,1)) -> 20.8 | AI13: =IF(OR($AD13="",$AD13=0,$AC13=""),0,ROUND($AC13*$AD13*IFERROR(IF($R13="건별/비정기",$T13,VLOOKUP($R13,'04.코드표'!$K$5:$L$8,2,FALSE)*$S13),0)/60,1)) -> 0 | AJ13: =IF($L13="","",$AH13-$AI13) -> 20.8 | AK13: =IF($L13="","",ROUND($AJ13/'04.코드표'!$L$11,2)) -> 0.01 | AL13: 상 | AM13: 분석 관점이 담당자 개인의 시각에 한정되어 놓치는 영역이 생긴다 | AP13: =IF($L13="","",COUNTIFS($C$6:$C$62,$C13)) -> 4 | AQ13: =IF($L13="","",IF($AP13=1,"⚠ 1개뿐 — 더 쪼개세요",IF($AP13=2,"△ 2개뿐 — 빠진 단계 확인",IF($AZ13<=2,"△ 하는 일이 "&$AZ13&"가지뿐 — 빠진 단계 확인","○ 좋음 (하는 일 "&$AZ13&"가지)")))) -> ○ 좋음 (하는 일 3가지) | AR13: =IF($L13="","",IF($BA13=0,"○ 다 채웠음","⚠ "&$BA13&"칸 비었음")) -> ⚠ 2칸 비었음 | AS13: =IF($L13="","",IF($BB13="","○ 문제 없음","⚠ "&LEFT($BB13,LEN($BB13)-3))) -> ○ 문제 없음 | AV13: =IF($L13="","",TRIM(RIGHT(SUBSTITUTE($AW13," ",REPT(" ",120)),120))) -> 분석한다 | AW13: =SUBSTITUTE($L13,CHAR(10)," ") -> 외부 기술 변화가 내부 기술 역량과 시스템에 미치는 영향을 분석한다 | AX13: =SUBSTITUTE($J13,CHAR(10)," ") -> 기술 환경 분석 | AY13: =IF($L13="","",IF(SUMPRODUCT(--ISNUMBER(SEARCH({"조회","수집","추출","검색","파악","취합","조달","접수","연계","연동","선별","확보","입수","조사","식별","검출","감지","스크랩","필터링"},$AV13)))>0,"조회",IF(SUMPRODUCT(--ISNUMBER(SEARCH({"검토","검증","판정","판별","확인","승인","선정","대조","점검","분류","확정","평가","판단","심사","검수","비교","결정","구분","진단","판독","협의"},$AV13)))>0,"검증",IF(SUMPRODUCT(--ISNUMBER(SEARCH({"등록","발송","배포","제출","보고","이관","업로드","비치","공유","통보","알림","축적","저장","안내","제시","전달","회신","게시","기록","전파","제공","공지","요청","지시","배정","회부"},$AV13)))>0,"등록",IF(SUMPRODUCT(--ISNUMBER(SEARCH({"작성","생성","산출","제작","입력","정리","집계","분석","정형화","도출","보정","구성","정렬","반영","수립","설계","보완","요약","번역","정의","산정","갱신","수정","편성","설정","누적","가공","변환","시각화","편집","통합","부여","정제","기입","조정","제거","표시","채번"},$AV13)))>0,"작성","기타"))))) -> 작성 | AZ13: =IF($L13="","",(COUNTIFS($C$6:$C$62,$C13,$AY$6:$AY$62,"조회")>0)+(COUNTIFS($C$6:$C$62,$C13,$AY$6:$AY$62,"작성")>0)+(COUNTIFS($C$6:$C$62,$C13,$AY$6:$AY$62,"검증")>0)+(COUNTIFS($C$6:$C$62,$C13,$AY$6:$AY$62,"등록")>0)) -> 3 | BA13: =IF($L13="",0,IF($X13="신설",0,COUNTBLANK($N13)+COUNTBLANK($P13)+COUNTBLANK($Q13)+COUNTBLANK($R13)+IF($R13="건별/비정기",COUNTBLANK($T13),IF($R13="",0,COUNTBLANK($S13))))+IF($X13="삭제",0,COUNTBLANK($AC13)+COUNTBLANK($AD13))) -> 2 | BB13: =IF($L13="","",IF(AND($AX13<>"",ISNUMBER(SEARCH($AX13,$AW13))),"L5 이름을 그대로 씀 · ","")&IF(AND($L13<>"",$L13=$Z13),"개선 후 설명이 똑같음 · ","")&IF(COUNTIFS($C$6:$C$62,$C13,$L$6:$L$62,$L13)>1,"같은 내용이 또 있음 · ","")&IF(AND($U13<>"",$U13=$V13),"필요 자료와 산출물이 같음 · ","")&IF(AND($C13=$C5,$V5<>"",$U13<>"",ISERROR(SEARCH(SUBSTITUTE($V5,CHAR(10)," "),SUBSTITUTE($U13,CHAR(10)," "))),ISERROR(SEARCH(SUBSTITUTE($U13,CHAR(10)," "),SUBSTITUTE($V5,CHAR(10)," ")))),"앞 산출물과 이어지지 않음 · ","")&IF(SUMPRODUCT(--ISNUMBER(SEARCH({"관리한다","처리한다","수행한다","진행한다"},$AW13)))>0,"뭉뚱그린 동사 · ","")&IF(ISNUMBER(SEARCH("하고 ",$AW13)),"한 줄에 동작 2개 · ","")&IF(RIGHT($L13,2)<>"한다","~한다 로 안 끝남 · ","")&IF(AND($P13<>"",N($P13)>60),"1건 60분 넘음 — 더 쪼개세요 · ","")&IF(AND($AA13="AI",$AD13<>"",N($AD13)>0),"AI 혼자 하는데 사람 인원 있음 · ","")&IF(AND($AA13="AI+사람",$AD13<>"",N($AD13)=0),"사람이 확인한다는데 인원 0 · ","")&IF(AND($X13="유지",$Y13="AI"),"그대로 두는데 AI 를 쓴다고 함 · ","")&IF(AND($X13="신설",COUNT($P13,$Q13)>0),"새로 생기는 일인데 현재 공수가 있음 · ","")&IF(AND($X13="삭제",COUNT($AC13,$AD13)>0),"없애는 일인데 개선 후 공수가 있음 · ","")&IF(AND($X13<>"신설",N($AH13)>0,N($AI13)>N($AH13)),"개선 후가 지금보다 더 오래 걸림 · ","")) | BC13: =IFERROR(IF($L13="",0,1/$AP13),0) -> 0.25
B14: 9 | C14: 1.1.3.4.1 | D14: #4 | E14: 시큐리티 | F14: 마케팅 | G14: Market Intelligence | H14: MI 정보분석 및 시사점 도출 | I14: 기술 환경 분석 | J14: 기술 환경 분석 | K14: =IF($L14="","",$C14&"-"&TEXT(COUNTIFS($C$6:$C14,$C14),"00")) -> 1.1.3.4.1-03 | L14: 분석에 필요한 통계 수치를 표·이미지로 시각화한다 | N14: 사람 | P14: 15 | Q14: 1 | R14: 주 | S14: 1 | T14: 0 | U14: 기술 환경 분석 결과, 통계 자료 | V14: 표·이미지 시각화 자료 | W14: offline(개인PC) | X14: 변경 | Y14: AI | Z14: 수치 보완과 표·이미지 제작이 자동화되어 분석가는 해석에 집중한다 | AA14: AI | AE14: 기술 환경 분석 결과, 통계 자료 | AF14: 표·이미지 시각화 자료 | AG14: AI Agent DB | AH14: =IF(OR($Q14="",$Q14=0,$P14=""),0,ROUND($P14*$Q14*IFERROR(IF($R14="건별/비정기",$T14,VLOOKUP($R14,'04.코드표'!$K$5:$L$8,2,FALSE)*$S14),0)/60,1)) -> 13 | AI14: =IF(OR($AD14="",$AD14=0,$AC14=""),0,ROUND($AC14*$AD14*IFERROR(IF($R14="건별/비정기",$T14,VLOOKUP($R14,'04.코드표'!$K$5:$L$8,2,FALSE)*$S14),0)/60,1)) -> 0 | AJ14: =IF($L14="","",$AH14-$AI14) -> 13 | AK14: =IF($L14="","",ROUND($AJ14/'04.코드표'!$L$11,2)) -> 0.01 | AL14: 하 | AM14: 수치 보완과 표·이미지 제작에 분석가 시간이 과도하게 소모된다 | AP14: =IF($L14="","",COUNTIFS($C$6:$C$62,$C14)) -> 4 | AQ14: =IF($L14="","",IF($AP14=1,"⚠ 1개뿐 — 더 쪼개세요",IF($AP14=2,"△ 2개뿐 — 빠진 단계 확인",IF($AZ14<=2,"△ 하는 일이 "&$AZ14&"가지뿐 — 빠진 단계 확인","○ 좋음 (하는 일 "&$AZ14&"가지)")))) -> ○ 좋음 (하는 일 3가지) | AR14: =IF($L14="","",IF($BA14=0,"○ 다 채웠음","⚠ "&$BA14&"칸 비었음")) -> ⚠ 2칸 비었음 | AS14: =IF($L14="","",IF($BB14="","○ 문제 없음","⚠ "&LEFT($BB14,LEN($BB14)-3))) -> ○ 문제 없음 | AV14: =IF($L14="","",TRIM(RIGHT(SUBSTITUTE($AW14," ",REPT(" ",120)),120))) -> 시각화한다 | AW14: =SUBSTITUTE($L14,CHAR(10)," ") -> 분석에 필요한 통계 수치를 표·이미지로 시각화한다 | AX14: =SUBSTITUTE($J14,CHAR(10)," ") -> 기술 환경 분석 | AY14: =IF($L14="","",IF(SUMPRODUCT(--ISNUMBER(SEARCH({"조회","수집","추출","검색","파악","취합","조달","접수","연계","연동","선별","확보","입수","조사","식별","검출","감지","스크랩","필터링"},$AV14)))>0,"조회",IF(SUMPRODUCT(--ISNUMBER(SEARCH({"검토","검증","판정","판별","확인","승인","선정","대조","점검","분류","확정","평가","판단","심사","검수","비교","결정","구분","진단","판독","협의"},$AV14)))>0,"검증",IF(SUMPRODUCT(--ISNUMBER(SEARCH({"등록","발송","배포","제출","보고","이관","업로드","비치","공유","통보","알림","축적","저장","안내","제시","전달","회신","게시","기록","전파","제공","공지","요청","지시","배정","회부"},$AV14)))>0,"등록",IF(SUMPRODUCT(--ISNUMBER(SEARCH({"작성","생성","산출","제작","입력","정리","집계","분석","정형화","도출","보정","구성","정렬","반영","수립","설계","보완","요약","번역","정의","산정","갱신","수정","편성","설정","누적","가공","변환","시각화","편집","통합","부여","정제","기입","조정","제거","표시","채번"},$AV14)))>0,"작성","기타"))))) -> 작성 | AZ14: =IF($L14="","",(COUNTIFS($C$6:$C$62,$C14,$AY$6:$AY$62,"조회")>0)+(COUNTIFS($C$6:$C$62,$C14,$AY$6:$AY$62,"작성")>0)+(COUNTIFS($C$6:$C$62,$C14,$AY$6:$AY$62,"검증")>0)+(COUNTIFS($C$6:$C$62,$C14,$AY$6:$AY$62,"등록")>0)) -> 3 | BA14: =IF($L14="",0,IF($X14="신설",0,COUNTBLANK($N14)+COUNTBLANK($P14)+COUNTBLANK($Q14)+COUNTBLANK($R14)+IF($R14="건별/비정기",COUNTBLANK($T14),IF($R14="",0,COUNTBLANK($S14))))+IF($X14="삭제",0,COUNTBLANK($AC14)+COUNTBLANK($AD14))) -> 2 | BB14: =IF($L14="","",IF(AND($AX14<>"",ISNUMBER(SEARCH($AX14,$AW14))),"L5 이름을 그대로 씀 · ","")&IF(AND($L14<>"",$L14=$Z14),"개선 후 설명이 똑같음 · ","")&IF(COUNTIFS($C$6:$C$62,$C14,$L$6:$L$62,$L14)>1,"같은 내용이 또 있음 · ","")&IF(AND($U14<>"",$U14=$V14),"필요 자료와 산출물이 같음 · ","")&IF(AND($C14=$C5,$V5<>"",$U14<>"",ISERROR(SEARCH(SUBSTITUTE($V5,CHAR(10)," "),SUBSTITUTE($U14,CHAR(10)," "))),ISERROR(SEARCH(SUBSTITUTE($U14,CHAR(10)," "),SUBSTITUTE($V5,CHAR(10)," ")))),"앞 산출물과 이어지지 않음 · ","")&IF(SUMPRODUCT(--ISNUMBER(SEARCH({"관리한다","처리한다","수행한다","진행한다"},$AW14)))>0,"뭉뚱그린 동사 · ","")&IF(ISNUMBER(SEARCH("하고 ",$AW14)),"한 줄에 동작 2개 · ","")&IF(RIGHT($L14,2)<>"한다","~한다 로 안 끝남 · ","")&IF(AND($P14<>"",N($P14)>60),"1건 60분 넘음 — 더 쪼개세요 · ","")&IF(AND($AA14="AI",$AD14<>"",N($AD14)>0),"AI 혼자 하는데 사람 인원 있음 · ","")&IF(AND($AA14="AI+사람",$AD14<>"",N($AD14)=0),"사람이 확인한다는데 인원 0 · ","")&IF(AND($X14="유지",$Y14="AI"),"그대로 두는데 AI 를 쓴다고 함 · ","")&IF(AND($X14="신설",COUNT($P14,$Q14)>0),"새로 생기는 일인데 현재 공수가 있음 · ","")&IF(AND($X14="삭제",COUNT($AC14,$AD14)>0),"없애는 일인데 개선 후 공수가 있음 · ","")&IF(AND($X14<>"신설",N($AH14)>0,N($AI14)>N($AH14)),"개선 후가 지금보다 더 오래 걸림 · ","")) | BC14: =IFERROR(IF($L14="",0,1/$AP14),0) -> 0.25
B15: 10 | C15: 1.1.3.4.1 | D15: #4 | E15: 시큐리티 | F15: 마케팅 | G15: Market Intelligence | H15: MI 정보분석 및 시사점 도출 | I15: 기술 환경 분석 | J15: 기술 환경 분석 | K15: =IF($L15="","",$C15&"-"&TEXT(COUNTIFS($C$6:$C15,$C15),"00")) -> 1.1.3.4.1-04 | L15: 분석 결과의 타당성을 검토하여 채택 여부를 결정한다 | M15: 제시된 분석 내용이 근거 자료로 뒷받침되는지 여부 | N15: 사람 | P15: 5 | Q15: 1 | R15: 주 | S15: 1 | T15: 0 | U15: 기술 환경 분석 결과, 표·이미지 시각화 자료 | V15: 확정된 기술 환경 분석 | W15: offline(개인PC) | X15: 변경 | Y15: AI | Z15: AI 분석안에 대해 사람이 최종 채택·기각을 표시하고 그 판단이 기록으로 남는다 | AA15: 사람 | AE15: 기술 환경 분석 결과, 표·이미지 시각화 자료 | AF15: 확정된 기술 환경 분석 | AG15: AI Agent DB | AH15: =IF(OR($Q15="",$Q15=0,$P15=""),0,ROUND($P15*$Q15*IFERROR(IF($R15="건별/비정기",$T15,VLOOKUP($R15,'04.코드표'!$K$5:$L$8,2,FALSE)*$S15),0)/60,1)) -> 4.3 | AI15: =IF(OR($AD15="",$AD15=0,$AC15=""),0,ROUND($AC15*$AD15*IFERROR(IF($R15="건별/비정기",$T15,VLOOKUP($R15,'04.코드표'!$K$5:$L$8,2,FALSE)*$S15),0)/60,1)) -> 0 | AJ15: =IF($L15="","",$AH15-$AI15) -> 4.3 | AK15: =IF($L15="","",ROUND($AJ15/'04.코드표'!$L$11,2)) -> 0 | AL15: 상 | AM15: 검토 기준이 명문화돼 있지 않아 결과 품질이 담당자에 따라 달라진다 | AP15: =IF($L15="","",COUNTIFS($C$6:$C$62,$C15)) -> 4 | AQ15: =IF($L15="","",IF($AP15=1,"⚠ 1개뿐 — 더 쪼개세요",IF($AP15=2,"△ 2개뿐 — 빠진 단계 확인",IF($AZ15<=2,"△ 하는 일이 "&$AZ15&"가지뿐 — 빠진 단계 확인","○ 좋음 (하는 일 "&$AZ15&"가지)")))) -> ○ 좋음 (하는 일 3가지) | AR15: =IF($L15="","",IF($BA15=0,"○ 다 채웠음","⚠ "&$BA15&"칸 비었음")) -> ⚠ 2칸 비었음 | AS15: =IF($L15="","",IF($BB15="","○ 문제 없음","⚠ "&LEFT($BB15,LEN($BB15)-3))) -> ○ 문제 없음 | AV15: =IF($L15="","",TRIM(RIGHT(SUBSTITUTE($AW15," ",REPT(" ",120)),120))) -> 결정한다 | AW15: =SUBSTITUTE($L15,CHAR(10)," ") -> 분석 결과의 타당성을 검토하여 채택 여부를 결정한다 | AX15: =SUBSTITUTE($J15,CHAR(10)," ") -> 기술 환경 분석 | AY15: =IF($L15="","",IF(SUMPRODUCT(--ISNUMBER(SEARCH({"조회","수집","추출","검색","파악","취합","조달","접수","연계","연동","선별","확보","입수","조사","식별","검출","감지","스크랩","필터링"},$AV15)))>0,"조회",IF(SUMPRODUCT(--ISNUMBER(SEARCH({"검토","검증","판정","판별","확인","승인","선정","대조","점검","분류","확정","평가","판단","심사","검수","비교","결정","구분","진단","판독","협의"},$AV15)))>0,"검증",IF(SUMPRODUCT(--ISNUMBER(SEARCH({"등록","발송","배포","제출","보고","이관","업로드","비치","공유","통보","알림","축적","저장","안내","제시","전달","회신","게시","기록","전파","제공","공지","요청","지시","배정","회부"},$AV15)))>0,"등록",IF(SUMPRODUCT(--ISNUMBER(SEARCH({"작성","생성","산출","제작","입력","정리","집계","분석","정형화","도출","보정","구성","정렬","반영","수립","설계","보완","요약","번역","정의","산정","갱신","수정","편성","설정","누적","가공","변환","시각화","편집","통합","부여","정제","기입","조정","제거","표시","채번"},$AV15)))>0,"작성","기타"))))) -> 검증 | AZ15: =IF($L15="","",(COUNTIFS($C$6:$C$62,$C15,$AY$6:$AY$62,"조회")>0)+(COUNTIFS($C$6:$C$62,$C15,$AY$6:$AY$62,"작성")>0)+(COUNTIFS($C$6:$C$62,$C15,$AY$6:$AY$62,"검증")>0)+(COUNTIFS($C$6:$C$62,$C15,$AY$6:$AY$62,"등록")>0)) -> 3 | BA15: =IF($L15="",0,IF($X15="신설",0,COUNTBLANK($N15)+COUNTBLANK($P15)+COUNTBLANK($Q15)+COUNTBLANK($R15)+IF($R15="건별/비정기",COUNTBLANK($T15),IF($R15="",0,COUNTBLANK($S15))))+IF($X15="삭제",0,COUNTBLANK($AC15)+COUNTBLANK($AD15))) -> 2 | BB15: =IF($L15="","",IF(AND($AX15<>"",ISNUMBER(SEARCH($AX15,$AW15))),"L5 이름을 그대로 씀 · ","")&IF(AND($L15<>"",$L15=$Z15),"개선 후 설명이 똑같음 · ","")&IF(COUNTIFS($C$6:$C$62,$C15,$L$6:$L$62,$L15)>1,"같은 내용이 또 있음 · ","")&IF(AND($U15<>"",$U15=$V15),"필요 자료와 산출물이 같음 · ","")&IF(AND($C15=$C5,$V5<>"",$U15<>"",ISERROR(SEARCH(SUBSTITUTE($V5,CHAR(10)," "),SUBSTITUTE($U15,CHAR(10)," "))),ISERROR(SEARCH(SUBSTITUTE($U15,CHAR(10)," "),SUBSTITUTE($V5,CHAR(10)," ")))),"앞 산출물과 이어지지 않음 · ","")&IF(SUMPRODUCT(--ISNUMBER(SEARCH({"관리한다","처리한다","수행한다","진행한다"},$AW15)))>0,"뭉뚱그린 동사 · ","")&IF(ISNUMBER(SEARCH("하고 ",$AW15)),"한 줄에 동작 2개 · ","")&IF(RIGHT($L15,2)<>"한다","~한다 로 안 끝남 · ","")&IF(AND($P15<>"",N($P15)>60),"1건 60분 넘음 — 더 쪼개세요 · ","")&IF(AND($AA15="AI",$AD15<>"",N($AD15)>0),"AI 혼자 하는데 사람 인원 있음 · ","")&IF(AND($AA15="AI+사람",$AD15<>"",N($AD15)=0),"사람이 확인한다는데 인원 0 · ","")&IF(AND($X15="유지",$Y15="AI"),"그대로 두는데 AI 를 쓴다고 함 · ","")&IF(AND($X15="신설",COUNT($P15,$Q15)>0),"새로 생기는 일인데 현재 공수가 있음 · ","")&IF(AND($X15="삭제",COUNT($AC15,$AD15)>0),"없애는 일인데 개선 후 공수가 있음 · ","")&IF(AND($X15<>"신설",N($AH15)>0,N($AI15)>N($AH15)),"개선 후가 지금보다 더 오래 걸림 · ","")) | BC15: =IFERROR(IF($L15="",0,1/$AP15),0) -> 0.25
B16: 11 | C16: 1.1.3.5.1 | D16: #4 | E16: 시큐리티 | F16: 마케팅 | G16: Market Intelligence | H16: MI 정보분석 및 시사점 도출 | I16: 시사점 도출 | J16: 환경분석 시사점도출 | K16: =IF($L16="","",$C16&"-"&TEXT(COUNTIFS($C$6:$C16,$C16),"00")) -> 1.1.3.5.1-01 | L16: 정치·경제·사회·기술 환경 분석 결과를 조회한다 | N16: 사람 | P16: 25 | Q16: 1 | R16: 주 | S16: 1 | T16: 0 | U16: 확정된 환경 분석 결과 | V16: 환경 분석 종합 자료 | W16: offline(개인PC) | X16: 변경 | Y16: AI | Z16: 환경별 분석 결과가 하나의 입력으로 자동 취합되어 시사점 도출 단계로 전달된다 | AA16: AI | AE16: 확정된 환경 분석 결과 | AF16: 환경 분석 종합 자료 | AG16: AI Agent DB | AH16: =IF(OR($Q16="",$Q16=0,$P16=""),0,ROUND($P16*$Q16*IFERROR(IF($R16="건별/비정기",$T16,VLOOKUP($R16,'04.코드표'!$K$5:$L$8,2,FALSE)*$S16),0)/60,1)) -> 21.7 | AI16: =IF(OR($AD16="",$AD16=0,$AC16=""),0,ROUND($AC16*$AD16*IFERROR(IF($R16="건별/비정기",$T16,VLOOKUP($R16,'04.코드표'!$K$5:$L$8,2,FALSE)*$S16),0)/60,1)) -> 0 | AJ16: =IF($L16="","",$AH16-$AI16) -> 21.7 | AK16: =IF($L16="","",ROUND($AJ16/'04.코드표'!$L$11,2)) -> 0.01 | AL16: 하 | AM16: 분석 결과가 문서별로 흩어져 있어 종합에 별도 정리 작업이 필요하다 | AP16: =IF($L16="","",COUNTIFS($C$6:$C$62,$C16)) -> 5 | AQ16: =IF($L16="","",IF($AP16=1,"⚠ 1개뿐 — 더 쪼개세요",IF($AP16=2,"△ 2개뿐 — 빠진 단계 확인",IF($AZ16<=2,"△ 하는 일이 "&$AZ16&"가지뿐 — 빠진 단계 확인","○ 좋음 (하는 일 "&$AZ16&"가지)")))) -> ○ 좋음 (하는 일 4가지) | AR16: =IF($L16="","",IF($BA16=0,"○ 다 채웠음","⚠ "&$BA16&"칸 비었음")) -> ⚠ 2칸 비었음 | AS16: =IF($L16="","",IF($BB16="","○ 문제 없음","⚠ "&LEFT($BB16,LEN($BB16)-3))) -> ○ 문제 없음 | AV16: =IF($L16="","",TRIM(RIGHT(SUBSTITUTE($AW16," ",REPT(" ",120)),120))) -> 조회한다 | AW16: =SUBSTITUTE($L16,CHAR(10)," ") -> 정치·경제·사회·기술 환경 분석 결과를 조회한다 | AX16: =SUBSTITUTE($J16,CHAR(10)," ") -> 환경분석 시사점도출 | AY16: =IF($L16="","",IF(SUMPRODUCT(--ISNUMBER(SEARCH({"조회","수집","추출","검색","파악","취합","조달","접수","연계","연동","선별","확보","입수","조사","식별","검출","감지","스크랩","필터링"},$AV16)))>0,"조회",IF(SUMPRODUCT(--ISNUMBER(SEARCH({"검토","검증","판정","판별","확인","승인","선정","대조","점검","분류","확정","평가","판단","심사","검수","비교","결정","구분","진단","판독","협의"},$AV16)))>0,"검증",IF(SUMPRODUCT(--ISNUMBER(SEARCH({"등록","발송","배포","제출","보고","이관","업로드","비치","공유","통보","알림","축적","저장","안내","제시","전달","회신","게시","기록","전파","제공","공지","요청","지시","배정","회부"},$AV16)))>0,"등록",IF(SUMPRODUCT(--ISNUMBER(SEARCH({"작성","생성","산출","제작","입력","정리","집계","분석","정형화","도출","보정","구성","정렬","반영","수립","설계","보완","요약","번역","정의","산정","갱신","수정","편성","설정","누적","가공","변환","시각화","편집","통합","부여","정제","기입","조정","제거","표시","채번"},$AV16)))>0,"작성","기타"))))) -> 조회 | AZ16: =IF($L16="","",(COUNTIFS($C$6:$C$62,$C16,$AY$6:$AY$62,"조회")>0)+(COUNTIFS($C$6:$C$62,$C16,$AY$6:$AY$62,"작성")>0)+(COUNTIFS($C$6:$C$62,$C16,$AY$6:$AY$62,"검증")>0)+(COUNTIFS($C$6:$C$62,$C16,$AY$6:$AY$62,"등록")>0)) -> 4 | BA16: =IF($L16="",0,IF($X16="신설",0,COUNTBLANK($N16)+COUNTBLANK($P16)+COUNTBLANK($Q16)+COUNTBLANK($R16)+IF($R16="건별/비정기",COUNTBLANK($T16),IF($R16="",0,COUNTBLANK($S16))))+IF($X16="삭제",0,COUNTBLANK($AC16)+COUNTBLANK($AD16))) -> 2 | BB16: =IF($L16="","",IF(AND($AX16<>"",ISNUMBER(SEARCH($AX16,$AW16))),"L5 이름을 그대로 씀 · ","")&IF(AND($L16<>"",$L16=$Z16),"개선 후 설명이 똑같음 · ","")&IF(COUNTIFS($C$6:$C$62,$C16,$L$6:$L$62,$L16)>1,"같은 내용이 또 있음 · ","")&IF(AND($U16<>"",$U16=$V16),"필요 자료와 산출물이 같음 · ","")&IF(AND($C16=$C5,$V5<>"",$U16<>"",ISERROR(SEARCH(SUBSTITUTE($V5,CHAR(10)," "),SUBSTITUTE($U16,CHAR(10)," "))),ISERROR(SEARCH(SUBSTITUTE($U16,CHAR(10)," "),SUBSTITUTE($V5,CHAR(10)," ")))),"앞 산출물과 이어지지 않음 · ","")&IF(SUMPRODUCT(--ISNUMBER(SEARCH({"관리한다","처리한다","수행한다","진행한다"},$AW16)))>0,"뭉뚱그린 동사 · ","")&IF(ISNUMBER(SEARCH("하고 ",$AW16)),"한 줄에 동작 2개 · ","")&IF(RIGHT($L16,2)<>"한다","~한다 로 안 끝남 · ","")&IF(AND($P16<>"",N($P16)>60),"1건 60분 넘음 — 더 쪼개세요 · ","")&IF(AND($AA16="AI",$AD16<>"",N($AD16)>0),"AI 혼자 하는데 사람 인원 있음 · ","")&IF(AND($AA16="AI+사람",$AD16<>"",N($AD16)=0),"사람이 확인한다는데 인원 0 · ","")&IF(AND($X16="유지",$Y16="AI"),"그대로 두는데 AI 를 쓴다고 함 · ","")&IF(AND($X16="신설",COUNT($P16,$Q16)>0),"새로 생기는 일인데 현재 공수가 있음 · ","")&IF(AND($X16="삭제",COUNT($AC16,$AD16)>0),"없애는 일인데 개선 후 공수가 있음 · ","")&IF(AND($X16<>"신설",N($AH16)>0,N($AI16)>N($AH16)),"개선 후가 지금보다 더 오래 걸림 · ","")) | BC16: =IFERROR(IF($L16="",0,1/$AP16),0) -> 0.2
B17: 12 | C17: 1.1.3.5.1 | D17: #4 | E17: 시큐리티 | F17: 마케팅 | G17: Market Intelligence | H17: MI 정보분석 및 시사점 도출 | I17: 시사점 도출 | J17: 환경분석 시사점도출 | K17: =IF($L17="","",$C17&"-"&TEXT(COUNTIFS($C$6:$C17,$C17),"00")) -> 1.1.3.5.1-02 | L17: 상품/서비스·영업/채널·기술/인프라·마케팅 4개 관점별로 시사점을 도출한다 | N17: 사람 | P17: 15 | Q17: 1 | R17: 주 | S17: 1 | T17: 0 | U17: 환경 분석 종합 자료, 관점별 역할 정의 | V17: 관점별 시사점 | W17: offline(개인PC) | X17: 신설 | Y17: AI | Z17: 4개 관점 에이전트가 각자의 시각에서 시사점을 동시에 도출해 다관점 결과를 제시한다 | AA17: AI | AE17: 환경 분석 종합 자료, 관점별 역할 정의 | AF17: 관점별 시사점 | AG17: AI Agent DB | AH17: =IF(OR($Q17="",$Q17=0,$P17=""),0,ROUND($P17*$Q17*IFERROR(IF($R17="건별/비정기",$T17,VLOOKUP($R17,'04.코드표'!$K$5:$L$8,2,FALSE)*$S17),0)/60,1)) -> 13 | AI17: =IF(OR($AD17="",$AD17=0,$AC17=""),0,ROUND($AC17*$AD17*IFERROR(IF($R17="건별/비정기",$T17,VLOOKUP($R17,'04.코드표'!$K$5:$L$8,2,FALSE)*$S17),0)/60,1)) -> 0 | AJ17: =IF($L17="","",$AH17-$AI17) -> 13 | AK17: =IF($L17="","",ROUND($AJ17/'04.코드표'!$L$11,2)) -> 0.01 | AL17: 상 | AM17: 인사이트 도출이 특정인의 암묵지에 의존해 관점이 한쪽으로 치우친다 | AP17: =IF($L17="","",COUNTIFS($C$6:$C$62,$C17)) -> 5 | AQ17: =IF($L17="","",IF($AP17=1,"⚠ 1개뿐 — 더 쪼개세요",IF($AP17=2,"△ 2개뿐 — 빠진 단계 확인",IF($AZ17<=2,"△ 하는 일이 "&$AZ17&"가지뿐 — 빠진 단계 확인","○ 좋음 (하는 일 "&$AZ17&"가지)")))) -> ○ 좋음 (하는 일 4가지) | AR17: =IF($L17="","",IF($BA17=0,"○ 다 채웠음","⚠ "&$BA17&"칸 비었음")) -> ⚠ 2칸 비었음 | AS17: =IF($L17="","",IF($BB17="","○ 문제 없음","⚠ "&LEFT($BB17,LEN($BB17)-3))) -> ⚠ 새로 생기는 일인데 현재 공수가 있음 | AV17: =IF($L17="","",TRIM(RIGHT(SUBSTITUTE($AW17," ",REPT(" ",120)),120))) -> 도출한다 | AW17: =SUBSTITUTE($L17,CHAR(10)," ") -> 상품/서비스·영업/채널·기술/인프라·마케팅 4개 관점별로 시사점을 도출한다 | AX17: =SUBSTITUTE($J17,CHAR(10)," ") -> 환경분석 시사점도출 | AY17: =IF($L17="","",IF(SUMPRODUCT(--ISNUMBER(SEARCH({"조회","수집","추출","검색","파악","취합","조달","접수","연계","연동","선별","확보","입수","조사","식별","검출","감지","스크랩","필터링"},$AV17)))>0,"조회",IF(SUMPRODUCT(--ISNUMBER(SEARCH({"검토","검증","판정","판별","확인","승인","선정","대조","점검","분류","확정","평가","판단","심사","검수","비교","결정","구분","진단","판독","협의"},$AV17)))>0,"검증",IF(SUMPRODUCT(--ISNUMBER(SEARCH({"등록","발송","배포","제출","보고","이관","업로드","비치","공유","통보","알림","축적","저장","안내","제시","전달","회신","게시","기록","전파","제공","공지","요청","지시","배정","회부"},$AV17)))>0,"등록",IF(SUMPRODUCT(--ISNUMBER(SEARCH({"작성","생성","산출","제작","입력","정리","집계","분석","정형화","도출","보정","구성","정렬","반영","수립","설계","보완","요약","번역","정의","산정","갱신","수정","편성","설정","누적","가공","변환","시각화","편집","통합","부여","정제","기입","조정","제거","표시","채번"},$AV17)))>0,"작성","기타"))))) -> 작성 | AZ17: =IF($L17="","",(COUNTIFS($C$6:$C$62,$C17,$AY$6:$AY$62,"조회")>0)+(COUNTIFS($C$6:$C$62,$C17,$AY$6:$AY$62,"작성")>0)+(COUNTIFS($C$6:$C$62,$C17,$AY$6:$AY$62,"검증")>0)+(COUNTIFS($C$6:$C$62,$C17,$AY$6:$AY$62,"등록")>0)) -> 4 | BA17: =IF($L17="",0,IF($X17="신설",0,COUNTBLANK($N17)+COUNTBLANK($P17)+COUNTBLANK($Q17)+COUNTBLANK($R17)+IF($R17="건별/비정기",COUNTBLANK($T17),IF($R17="",0,COUNTBLANK($S17))))+IF($X17="삭제",0,COUNTBLANK($AC17)+COUNTBLANK($AD17))) -> 2 | BB17: =IF($L17="","",IF(AND($AX17<>"",ISNUMBER(SEARCH($AX17,$AW17))),"L5 이름을 그대로 씀 · ","")&IF(AND($L17<>"",$L17=$Z17),"개선 후 설명이 똑같음 · ","")&IF(COUNTIFS($C$6:$C$62,$C17,$L$6:$L$62,$L17)>1,"같은 내용이 또 있음 · ","")&IF(AND($U17<>"",$U17=$V17),"필요 자료와 산출물이 같음 · ","")&IF(AND($C17=$C5,$V5<>"",$U17<>"",ISERROR(SEARCH(SUBSTITUTE($V5,CHAR(10)," "),SUBSTITUTE($U17,CHAR(10)," "))),ISERROR(SEARCH(SUBSTITUTE($U17,CHAR(10)," "),SUBSTITUTE($V5,CHAR(10)," ")))),"앞 산출물과 이어지지 않음 · ","")&IF(SUMPRODUCT(--ISNUMBER(SEARCH({"관리한다","처리한다","수행한다","진행한다"},$AW17)))>0,"뭉뚱그린 동사 · ","")&IF(ISNUMBER(SEARCH("하고 ",$AW17)),"한 줄에 동작 2개 · ","")&IF(RIGHT($L17,2)<>"한다","~한다 로 안 끝남 · ","")&IF(AND($P17<>"",N($P17)>60),"1건 60분 넘음 — 더 쪼개세요 · ","")&IF(AND($AA17="AI",$AD17<>"",N($AD17)>0),"AI 혼자 하는데 사람 인원 있음 · ","")&IF(AND($AA17="AI+사람",$AD17<>"",N($AD17)=0),"사람이 확인한다는데 인원 0 · ","")&IF(AND($X17="유지",$Y17="AI"),"그대로 두는데 AI 를 쓴다고 함 · ","")&IF(AND($X17="신설",COUNT($P17,$Q17)>0),"새로 생기는 일인데 현재 공수가 있음 · ","")&IF(AND($X17="삭제",COUNT($AC17,$AD17)>0),"없애는 일인데 개선 후 공수가 있음 · ","")&IF(AND($X17<>"신설",N($AH17)>0,N($AI17)>N($AH17)),"개선 후가 지금보다 더 오래 걸림 · ","")) -> 새로 생기는 일인데 현재 공수가 있음 · | BC17: =IFERROR(IF($L17="",0,1/$AP17),0) -> 0.2
B18: 13 | C18: 1.1.3.5.1 | D18: #4 | E18: 시큐리티 | F18: 마케팅 | G18: Market Intelligence | H18: MI 정보분석 및 시사점 도출 | I18: 시사점 도출 | J18: 환경분석 시사점도출 | K18: =IF($L18="","",$C18&"-"&TEXT(COUNTIFS($C$6:$C18,$C18),"00")) -> 1.1.3.5.1-03 | L18: 관점 간 결론 충돌 여부와 확신도를 확인한다 | M18: 관점별 시사점 사이에 상반된 결론이 존재하는지 여부 | N18: 사람 | P18: 5 | Q18: 1 | R18: 주 | S18: 1 | T18: 0 | U18: 관점별 시사점 | V18: 관점 충돌·확신도 확인 결과 | W18: offline(개인PC) | X18: 신설 | Y18: AI | Z18: 관점 충돌과 확신도가 화면에 표시되어 사람이 판단해야 할 지점을 먼저 드러낸다 | AA18: AI | AE18: 관점별 시사점 | AF18: 관점 충돌·확신도 확인 결과 | AG18: AI Agent DB | AH18: =IF(OR($Q18="",$Q18=0,$P18=""),0,ROUND($P18*$Q18*IFERROR(IF($R18="건별/비정기",$T18,VLOOKUP($R18,'04.코드표'!$K$5:$L$8,2,FALSE)*$S18),0)/60,1)) -> 4.3 | AI18: =IF(OR($AD18="",$AD18=0,$AC18=""),0,ROUND($AC18*$AD18*IFERROR(IF($R18="건별/비정기",$T18,VLOOKUP($R18,'04.코드표'!$K$5:$L$8,2,FALSE)*$S18),0)/60,1)) -> 0 | AJ18: =IF($L18="","",$AH18-$AI18) -> 4.3 | AK18: =IF($L18="","",ROUND($AJ18/'04.코드표'!$L$11,2)) -> 0 | AL18: 상 | AM18: 서로 다른 해석이 있어도 드러나지 않아 한 사람의 결론이 그대로 굳어진다 | AP18: =IF($L18="","",COUNTIFS($C$6:$C$62,$C18)) -> 5 | AQ18: =IF($L18="","",IF($AP18=1,"⚠ 1개뿐 — 더 쪼개세요",IF($AP18=2,"△ 2개뿐 — 빠진 단계 확인",IF($AZ18<=2,"△ 하는 일이 "&$AZ18&"가지뿐 — 빠진 단계 확인","○ 좋음 (하는 일 "&$AZ18&"가지)")))) -> ○ 좋음 (하는 일 4가지) | AR18: =IF($L18="","",IF($BA18=0,"○ 다 채웠음","⚠ "&$BA18&"칸 비었음")) -> ⚠ 2칸 비었음 | AS18: =IF($L18="","",IF($BB18="","○ 문제 없음","⚠ "&LEFT($BB18,LEN($BB18)-3))) -> ⚠ 새로 생기는 일인데 현재 공수가 있음 | AV18: =IF($L18="","",TRIM(RIGHT(SUBSTITUTE($AW18," ",REPT(" ",120)),120))) -> 확인한다 | AW18: =SUBSTITUTE($L18,CHAR(10)," ") -> 관점 간 결론 충돌 여부와 확신도를 확인한다 | AX18: =SUBSTITUTE($J18,CHAR(10)," ") -> 환경분석 시사점도출 | AY18: =IF($L18="","",IF(SUMPRODUCT(--ISNUMBER(SEARCH({"조회","수집","추출","검색","파악","취합","조달","접수","연계","연동","선별","확보","입수","조사","식별","검출","감지","스크랩","필터링"},$AV18)))>0,"조회",IF(SUMPRODUCT(--ISNUMBER(SEARCH({"검토","검증","판정","판별","확인","승인","선정","대조","점검","분류","확정","평가","판단","심사","검수","비교","결정","구분","진단","판독","협의"},$AV18)))>0,"검증",IF(SUMPRODUCT(--ISNUMBER(SEARCH({"등록","발송","배포","제출","보고","이관","업로드","비치","공유","통보","알림","축적","저장","안내","제시","전달","회신","게시","기록","전파","제공","공지","요청","지시","배정","회부"},$AV18)))>0,"등록",IF(SUMPRODUCT(--ISNUMBER(SEARCH({"작성","생성","산출","제작","입력","정리","집계","분석","정형화","도출","보정","구성","정렬","반영","수립","설계","보완","요약","번역","정의","산정","갱신","수정","편성","설정","누적","가공","변환","시각화","편집","통합","부여","정제","기입","조정","제거","표시","채번"},$AV18)))>0,"작성","기타"))))) -> 검증 | AZ18: =IF($L18="","",(COUNTIFS($C$6:$C$62,$C18,$AY$6:$AY$62,"조회")>0)+(COUNTIFS($C$6:$C$62,$C18,$AY$6:$AY$62,"작성")>0)+(COUNTIFS($C$6:$C$62,$C18,$AY$6:$AY$62,"검증")>0)+(COUNTIFS($C$6:$C$62,$C18,$AY$6:$AY$62,"등록")>0)) -> 4 | BA18: =IF($L18="",0,IF($X18="신설",0,COUNTBLANK($N18)+COUNTBLANK($P18)+COUNTBLANK($Q18)+COUNTBLANK($R18)+IF($R18="건별/비정기",COUNTBLANK($T18),IF($R18="",0,COUNTBLANK($S18))))+IF($X18="삭제",0,COUNTBLANK($AC18)+COUNTBLANK($AD18))) -> 2 | BB18: =IF($L18="","",IF(AND($AX18<>"",ISNUMBER(SEARCH($AX18,$AW18))),"L5 이름을 그대로 씀 · ","")&IF(AND($L18<>"",$L18=$Z18),"개선 후 설명이 똑같음 · ","")&IF(COUNTIFS($C$6:$C$62,$C18,$L$6:$L$62,$L18)>1,"같은 내용이 또 있음 · ","")&IF(AND($U18<>"",$U18=$V18),"필요 자료와 산출물이 같음 · ","")&IF(AND($C18=$C5,$V5<>"",$U18<>"",ISERROR(SEARCH(SUBSTITUTE($V5,CHAR(10)," "),SUBSTITUTE($U18,CHAR(10)," "))),ISERROR(SEARCH(SUBSTITUTE($U18,CHAR(10)," "),SUBSTITUTE($V5,CHAR(10)," ")))),"앞 산출물과 이어지지 않음 · ","")&IF(SUMPRODUCT(--ISNUMBER(SEARCH({"관리한다","처리한다","수행한다","진행한다"},$AW18)))>0,"뭉뚱그린 동사 · ","")&IF(ISNUMBER(SEARCH("하고 ",$AW18)),"한 줄에 동작 2개 · ","")&IF(RIGHT($L18,2)<>"한다","~한다 로 안 끝남 · ","")&IF(AND($P18<>"",N($P18)>60),"1건 60분 넘음 — 더 쪼개세요 · ","")&IF(AND($AA18="AI",$AD18<>"",N($AD18)>0),"AI 혼자 하는데 사람 인원 있음 · ","")&IF(AND($AA18="AI+사람",$AD18<>"",N($AD18)=0),"사람이 확인한다는데 인원 0 · ","")&IF(AND($X18="유지",$Y18="AI"),"그대로 두는데 AI 를 쓴다고 함 · ","")&IF(AND($X18="신설",COUNT($P18,$Q18)>0),"새로 생기는 일인데 현재 공수가 있음 · ","")&IF(AND($X18="삭제",COUNT($AC18,$AD18)>0),"없애는 일인데 개선 후 공수가 있음 · ","")&IF(AND($X18<>"신설",N($AH18)>0,N($AI18)>N($AH18)),"개선 후가 지금보다 더 오래 걸림 · ","")) -> 새로 생기는 일인데 현재 공수가 있음 · | BC18: =IFERROR(IF($L18="",0,1/$AP18),0) -> 0.2
B19: 14 | C19: 1.1.3.5.1 | D19: #4 | E19: 시큐리티 | F19: 마케팅 | G19: Market Intelligence | H19: MI 정보분석 및 시사점 도출 | I19: 시사점 도출 | J19: 환경분석 시사점도출 | K19: =IF($L19="","",$C19&"-"&TEXT(COUNTIFS($C$6:$C19,$C19),"00")) -> 1.1.3.5.1-04 | L19: 최종 시사점의 채택과 기각을 판단하여 표시한다 | M19: 시사점이 근거로 뒷받침되고 관점 충돌이 해소되었는지 여부 | N19: 사람 | P19: 5 | Q19: 1 | R19: 주 | S19: 1 | T19: 0 | U19: 관점 충돌·확신도 확인 결과 | V19: 확정 시사점 | W19: offline(개인PC) | X19: 변경 | Y19: AI | Z19: 관점이 충돌하는 지점은 사람이 최종 판단해 채택·기각을 표시한다 | AA19: 사람 | AE19: 관점 충돌·확신도 확인 결과 | AF19: 확정 시사점 | AG19: AI Agent DB | AH19: =IF(OR($Q19="",$Q19=0,$P19=""),0,ROUND($P19*$Q19*IFERROR(IF($R19="건별/비정기",$T19,VLOOKUP($R19,'04.코드표'!$K$5:$L$8,2,FALSE)*$S19),0)/60,1)) -> 4.3 | AI19: =IF(OR($AD19="",$AD19=0,$AC19=""),0,ROUND($AC19*$AD19*IFERROR(IF($R19="건별/비정기",$T19,VLOOKUP($R19,'04.코드표'!$K$5:$L$8,2,FALSE)*$S19),0)/60,1)) -> 0 | AJ19: =IF($L19="","",$AH19-$AI19) -> 4.3 | AK19: =IF($L19="","",ROUND($AJ19/'04.코드표'!$L$11,2)) -> 0 | AL19: 상 | AM19: 판단 결과만 남고 왜 그렇게 판단했는지는 남지 않아 품질 편차가 재발한다 | AP19: =IF($L19="","",COUNTIFS($C$6:$C$62,$C19)) -> 5 | AQ19: =IF($L19="","",IF($AP19=1,"⚠ 1개뿐 — 더 쪼개세요",IF($AP19=2,"△ 2개뿐 — 빠진 단계 확인",IF($AZ19<=2,"△ 하는 일이 "&$AZ19&"가지뿐 — 빠진 단계 확인","○ 좋음 (하는 일 "&$AZ19&"가지)")))) -> ○ 좋음 (하는 일 4가지) | AR19: =IF($L19="","",IF($BA19=0,"○ 다 채웠음","⚠ "&$BA19&"칸 비었음")) -> ⚠ 2칸 비었음 | AS19: =IF($L19="","",IF($BB19="","○ 문제 없음","⚠ "&LEFT($BB19,LEN($BB19)-3))) -> ○ 문제 없음 | AV19: =IF($L19="","",TRIM(RIGHT(SUBSTITUTE($AW19," ",REPT(" ",120)),120))) -> 표시한다 | AW19: =SUBSTITUTE($L19,CHAR(10)," ") -> 최종 시사점의 채택과 기각을 판단하여 표시한다 | AX19: =SUBSTITUTE($J19,CHAR(10)," ") -> 환경분석 시사점도출 | AY19: =IF($L19="","",IF(SUMPRODUCT(--ISNUMBER(SEARCH({"조회","수집","추출","검색","파악","취합","조달","접수","연계","연동","선별","확보","입수","조사","식별","검출","감지","스크랩","필터링"},$AV19)))>0,"조회",IF(SUMPRODUCT(--ISNUMBER(SEARCH({"검토","검증","판정","판별","확인","승인","선정","대조","점검","분류","확정","평가","판단","심사","검수","비교","결정","구분","진단","판독","협의"},$AV19)))>0,"검증",IF(SUMPRODUCT(--ISNUMBER(SEARCH({"등록","발송","배포","제출","보고","이관","업로드","비치","공유","통보","알림","축적","저장","안내","제시","전달","회신","게시","기록","전파","제공","공지","요청","지시","배정","회부"},$AV19)))>0,"등록",IF(SUMPRODUCT(--ISNUMBER(SEARCH({"작성","생성","산출","제작","입력","정리","집계","분석","정형화","도출","보정","구성","정렬","반영","수립","설계","보완","요약","번역","정의","산정","갱신","수정","편성","설정","누적","가공","변환","시각화","편집","통합","부여","정제","기입","조정","제거","표시","채번"},$AV19)))>0,"작성","기타"))))) -> 작성 | AZ19: =IF($L19="","",(COUNTIFS($C$6:$C$62,$C19,$AY$6:$AY$62,"조회")>0)+(COUNTIFS($C$6:$C$62,$C19,$AY$6:$AY$62,"작성")>0)+(COUNTIFS($C$6:$C$62,$C19,$AY$6:$AY$62,"검증")>0)+(COUNTIFS($C$6:$C$62,$C19,$AY$6:$AY$62,"등록")>0)) -> 4 | BA19: =IF($L19="",0,IF($X19="신설",0,COUNTBLANK($N19)+COUNTBLANK($P19)+COUNTBLANK($Q19)+COUNTBLANK($R19)+IF($R19="건별/비정기",COUNTBLANK($T19),IF($R19="",0,COUNTBLANK($S19))))+IF($X19="삭제",0,COUNTBLANK($AC19)+COUNTBLANK($AD19))) -> 2 | BB19: =IF($L19="","",IF(AND($AX19<>"",ISNUMBER(SEARCH($AX19,$AW19))),"L5 이름을 그대로 씀 · ","")&IF(AND($L19<>"",$L19=$Z19),"개선 후 설명이 똑같음 · ","")&IF(COUNTIFS($C$6:$C$62,$C19,$L$6:$L$62,$L19)>1,"같은 내용이 또 있음 · ","")&IF(AND($U19<>"",$U19=$V19),"필요 자료와 산출물이 같음 · ","")&IF(AND($C19=$C5,$V5<>"",$U19<>"",ISERROR(SEARCH(SUBSTITUTE($V5,CHAR(10)," "),SUBSTITUTE($U19,CHAR(10)," "))),ISERROR(SEARCH(SUBSTITUTE($U19,CHAR(10)," "),SUBSTITUTE($V5,CHAR(10)," ")))),"앞 산출물과 이어지지 않음 · ","")&IF(SUMPRODUCT(--ISNUMBER(SEARCH({"관리한다","처리한다","수행한다","진행한다"},$AW19)))>0,"뭉뚱그린 동사 · ","")&IF(ISNUMBER(SEARCH("하고 ",$AW19)),"한 줄에 동작 2개 · ","")&IF(RIGHT($L19,2)<>"한다","~한다 로 안 끝남 · ","")&IF(AND($P19<>"",N($P19)>60),"1건 60분 넘음 — 더 쪼개세요 · ","")&IF(AND($AA19="AI",$AD19<>"",N($AD19)>0),"AI 혼자 하는데 사람 인원 있음 · ","")&IF(AND($AA19="AI+사람",$AD19<>"",N($AD19)=0),"사람이 확인한다는데 인원 0 · ","")&IF(AND($X19="유지",$Y19="AI"),"그대로 두는데 AI 를 쓴다고 함 · ","")&IF(AND($X19="신설",COUNT($P19,$Q19)>0),"새로 생기는 일인데 현재 공수가 있음 · ","")&IF(AND($X19="삭제",COUNT($AC19,$AD19)>0),"없애는 일인데 개선 후 공수가 있음 · ","")&IF(AND($X19<>"신설",N($AH19)>0,N($AI19)>N($AH19)),"개선 후가 지금보다 더 오래 걸림 · ","")) | BC19: =IFERROR(IF($L19="",0,1/$AP19),0) -> 0.2
B20: 15 | C20: 1.1.3.5.1 | D20: #4 | E20: 시큐리티 | F20: 마케팅 | G20: Market Intelligence | H20: MI 정보분석 및 시사점 도출 | I20: 시사점 도출 | J20: 환경분석 시사점도출 | K20: =IF($L20="","",$C20&"-"&TEXT(COUNTIFS($C$6:$C20,$C20),"00")) -> 1.1.3.5.1-05 | L20: 채택·기각의 판단 근거를 지식 계층에 기록한다 | N20: 사람 | P20: 15 | Q20: 1 | R20: 주 | S20: 1 | T20: 0 | U20: 확정 시사점, 판단 근거 | V20: 암묵지 구조화 기록 | W20: offline(개인PC) | X20: 신설 | Y20: AI | Z20: 결론이 아닌 근거를 코드화해 기록하고 축적된 사례가 평가기준·프롬프트 개선에 환류된다 | AA20: AI+사람 | AE20: 확정 시사점, 판단 근거 | AF20: 암묵지 구조화 기록 | AG20: AI Agent DB | AH20: =IF(OR($Q20="",$Q20=0,$P20=""),0,ROUND($P20*$Q20*IFERROR(IF($R20="건별/비정기",$T20,VLOOKUP($R20,'04.코드표'!$K$5:$L$8,2,FALSE)*$S20),0)/60,1)) -> 13 | AI20: =IF(OR($AD20="",$AD20=0,$AC20=""),0,ROUND($AC20*$AD20*IFERROR(IF($R20="건별/비정기",$T20,VLOOKUP($R20,'04.코드표'!$K$5:$L$8,2,FALSE)*$S20),0)/60,1)) -> 0 | AJ20: =IF($L20="","",$AH20-$AI20) -> 13 | AK20: =IF($L20="","",ROUND($AJ20/'04.코드표'!$L$11,2)) -> 0.01 | AL20: 중 | AM20: 판단 근거가 개인의 머릿속에만 있어 조직 자산으로 축적되지 않는다 | AP20: =IF($L20="","",COUNTIFS($C$6:$C$62,$C20)) -> 5 | AQ20: =IF($L20="","",IF($AP20=1,"⚠ 1개뿐 — 더 쪼개세요",IF($AP20=2,"△ 2개뿐 — 빠진 단계 확인",IF($AZ20<=2,"△ 하는 일이 "&$AZ20&"가지뿐 — 빠진 단계 확인","○ 좋음 (하는 일 "&$AZ20&"가지)")))) -> ○ 좋음 (하는 일 4가지) | AR20: =IF($L20="","",IF($BA20=0,"○ 다 채웠음","⚠ "&$BA20&"칸 비었음")) -> ⚠ 2칸 비었음 | AS20: =IF($L20="","",IF($BB20="","○ 문제 없음","⚠ "&LEFT($BB20,LEN($BB20)-3))) -> ⚠ 새로 생기는 일인데 현재 공수가 있음 | AV20: =IF($L20="","",TRIM(RIGHT(SUBSTITUTE($AW20," ",REPT(" ",120)),120))) -> 기록한다 | AW20: =SUBSTITUTE($L20,CHAR(10)," ") -> 채택·기각의 판단 근거를 지식 계층에 기록한다 | AX20: =SUBSTITUTE($J20,CHAR(10)," ") -> 환경분석 시사점도출 | AY20: =IF($L20="","",IF(SUMPRODUCT(--ISNUMBER(SEARCH({"조회","수집","추출","검색","파악","취합","조달","접수","연계","연동","선별","확보","입수","조사","식별","검출","감지","스크랩","필터링"},$AV20)))>0,"조회",IF(SUMPRODUCT(--ISNUMBER(SEARCH({"검토","검증","판정","판별","확인","승인","선정","대조","점검","분류","확정","평가","판단","심사","검수","비교","결정","구분","진단","판독","협의"},$AV20)))>0,"검증",IF(SUMPRODUCT(--ISNUMBER(SEARCH({"등록","발송","배포","제출","보고","이관","업로드","비치","공유","통보","알림","축적","저장","안내","제시","전달","회신","게시","기록","전파","제공","공지","요청","지시","배정","회부"},$AV20)))>0,"등록",IF(SUMPRODUCT(--ISNUMBER(SEARCH({"작성","생성","산출","제작","입력","정리","집계","분석","정형화","도출","보정","구성","정렬","반영","수립","설계","보완","요약","번역","정의","산정","갱신","수정","편성","설정","누적","가공","변환","시각화","편집","통합","부여","정제","기입","조정","제거","표시","채번"},$AV20)))>0,"작성","기타"))))) -> 등록 | AZ20: =IF($L20="","",(COUNTIFS($C$6:$C$62,$C20,$AY$6:$AY$62,"조회")>0)+(COUNTIFS($C$6:$C$62,$C20,$AY$6:$AY$62,"작성")>0)+(COUNTIFS($C$6:$C$62,$C20,$AY$6:$AY$62,"검증")>0)+(COUNTIFS($C$6:$C$62,$C20,$AY$6:$AY$62,"등록")>0)) -> 4 | BA20: =IF($L20="",0,IF($X20="신설",0,COUNTBLANK($N20)+COUNTBLANK($P20)+COUNTBLANK($Q20)+COUNTBLANK($R20)+IF($R20="건별/비정기",COUNTBLANK($T20),IF($R20="",0,COUNTBLANK($S20))))+IF($X20="삭제",0,COUNTBLANK($AC20)+COUNTBLANK($AD20))) -> 2 | BB20: =IF($L20="","",IF(AND($AX20<>"",ISNUMBER(SEARCH($AX20,$AW20))),"L5 이름을 그대로 씀 · ","")&IF(AND($L20<>"",$L20=$Z20),"개선 후 설명이 똑같음 · ","")&IF(COUNTIFS($C$6:$C$62,$C20,$L$6:$L$62,$L20)>1,"같은 내용이 또 있음 · ","")&IF(AND($U20<>"",$U20=$V20),"필요 자료와 산출물이 같음 · ","")&IF(AND($C20=$C5,$V5<>"",$U20<>"",ISERROR(SEARCH(SUBSTITUTE($V5,CHAR(10)," "),SUBSTITUTE($U20,CHAR(10)," "))),ISERROR(SEARCH(SUBSTITUTE($U20,CHAR(10)," "),SUBSTITUTE($V5,CHAR(10)," ")))),"앞 산출물과 이어지지 않음 · ","")&IF(SUMPRODUCT(--ISNUMBER(SEARCH({"관리한다","처리한다","수행한다","진행한다"},$AW20)))>0,"뭉뚱그린 동사 · ","")&IF(ISNUMBER(SEARCH("하고 ",$AW20)),"한 줄에 동작 2개 · ","")&IF(RIGHT($L20,2)<>"한다","~한다 로 안 끝남 · ","")&IF(AND($P20<>"",N($P20)>60),"1건 60분 넘음 — 더 쪼개세요 · ","")&IF(AND($AA20="AI",$AD20<>"",N($AD20)>0),"AI 혼자 하는데 사람 인원 있음 · ","")&IF(AND($AA20="AI+사람",$AD20<>"",N($AD20)=0),"사람이 확인한다는데 인원 0 · ","")&IF(AND($X20="유지",$Y20="AI"),"그대로 두는데 AI 를 쓴다고 함 · ","")&IF(AND($X20="신설",COUNT($P20,$Q20)>0),"새로 생기는 일인데 현재 공수가 있음 · ","")&IF(AND($X20="삭제",COUNT($AC20,$AD20)>0),"없애는 일인데 개선 후 공수가 있음 · ","")&IF(AND($X20<>"신설",N($AH20)>0,N($AI20)>N($AH20)),"개선 후가 지금보다 더 오래 걸림 · ","")) -> 새로 생기는 일인데 현재 공수가 있음 · | BC20: =IFERROR(IF($L20="",0,1/$AP20),0) -> 0.2
B21: 16 | C21: 1.1.3.12.1 | D21: #4 | E21: 시큐리티 | F21: 마케팅 | G21: Market Intelligence | H21: MI 정보분석 및 시사점 도출 | I21: 경쟁사 상품 비교 분석 | J21: 경쟁사 상품 비교 분석 | K21: =IF($L21="","",$C21&"-"&TEXT(COUNTIFS($C$6:$C21,$C21),"00")) | AH21: =IF(OR($Q21="",$Q21=0,$P21=""),0,ROUND($P21*$Q21*IFERROR(IF($R21="건별/비정기",$T21,VLOOKUP($R21,'04.코드표'!$K$5:$L$8,2,FALSE)*$S21),0)/60,1)) -> 0 | AI21: =IF(OR($AD21="",$AD21=0,$AC21=""),0,ROUND($AC21*$AD21*IFERROR(IF($R21="건별/비정기",$T21,VLOOKUP($R21,'04.코드표'!$K$5:$L$8,2,FALSE)*$S21),0)/60,1)) -> 0 | AJ21: =IF($L21="","",$AH21-$AI21) | AK21: =IF($L21="","",ROUND($AJ21/'04.코드표'!$L$11,2)) | AP21: =IF($L21="","",COUNTIFS($C$6:$C$62,$C21)) | AQ21: =IF($L21="","",IF($AP21=1,"⚠ 1개뿐 — 더 쪼개세요",IF($AP21=2,"△ 2개뿐 — 빠진 단계 확인",IF($AZ21<=2,"△ 하는 일이 "&$AZ21&"가지뿐 — 빠진 단계 확인","○ 좋음 (하는 일 "&$AZ21&"가지)")))) | AR21: =IF($L21="","",IF($BA21=0,"○ 다 채웠음","⚠ "&$BA21&"칸 비었음")) | AS21: =IF($L21="","",IF($BB21="","○ 문제 없음","⚠ "&LEFT($BB21,LEN($BB21)-3))) | AV21: =IF($L21="","",TRIM(RIGHT(SUBSTITUTE($AW21," ",REPT(" ",120)),120))) | AW21: =SUBSTITUTE($L21,CHAR(10)," ") | AX21: =SUBSTITUTE($J21,CHAR(10)," ") -> 경쟁사 상품 비교 분석 | AY21: =IF($L21="","",IF(SUMPRODUCT(--ISNUMBER(SEARCH({"조회","수집","추출","검색","파악","취합","조달","접수","연계","연동","선별","확보","입수","조사","식별","검출","감지","스크랩","필터링"},$AV21)))>0,"조회",IF(SUMPRODUCT(--ISNUMBER(SEARCH({"검토","검증","판정","판별","확인","승인","선정","대조","점검","분류","확정","평가","판단","심사","검수","비교","결정","구분","진단","판독","협의"},$AV21)))>0,"검증",IF(SUMPRODUCT(--ISNUMBER(SEARCH({"등록","발송","배포","제출","보고","이관","업로드","비치","공유","통보","알림","축적","저장","안내","제시","전달","회신","게시","기록","전파","제공","공지","요청","지시","배정","회부"},$AV21)))>0,"등록",IF(SUMPRODUCT(--ISNUMBER(SEARCH({"작성","생성","산출","제작","입력","정리","집계","분석","정형화","도출","보정","구성","정렬","반영","수립","설계","보완","요약","번역","정의","산정","갱신","수정","편성","설정","누적","가공","변환","시각화","편집","통합","부여","정제","기입","조정","제거","표시","채번"},$AV21)))>0,"작성","기타"))))) | AZ21: =IF($L21="","",(COUNTIFS($C$6:$C$62,$C21,$AY$6:$AY$62,"조회")>0)+(COUNTIFS($C$6:$C$62,$C21,$AY$6:$AY$62,"작성")>0)+(COUNTIFS($C$6:$C$62,$C21,$AY$6:$AY$62,"검증")>0)+(COUNTIFS($C$6:$C$62,$C21,$AY$6:$AY$62,"등록")>0)) | BA21: =IF($L21="",0,IF($X21="신설",0,COUNTBLANK($N21)+COUNTBLANK($P21)+COUNTBLANK($Q21)+COUNTBLANK($R21)+IF($R21="건별/비정기",COUNTBLANK($T21),IF($R21="",0,COUNTBLANK($S21))))+IF($X21="삭제",0,COUNTBLANK($AC21)+COUNTBLANK($AD21))) -> 0 | BB21: =IF($L21="","",IF(AND($AX21<>"",ISNUMBER(SEARCH($AX21,$AW21))),"L5 이름을 그대로 씀 · ","")&IF(AND($L21<>"",$L21=$Z21),"개선 후 설명이 똑같음 · ","")&IF(COUNTIFS($C$6:$C$62,$C21,$L$6:$L$62,$L21)>1,"같은 내용이 또 있음 · ","")&IF(AND($U21<>"",$U21=$V21),"필요 자료와 산출물이 같음 · ","")&IF(AND($C21=$C5,$V5<>"",$U21<>"",ISERROR(SEARCH(SUBSTITUTE($V5,CHAR(10)," "),SUBSTITUTE($U21,CHAR(10)," "))),ISERROR(SEARCH(SUBSTITUTE($U21,CHAR(10)," "),SUBSTITUTE($V5,CHAR(10)," ")))),"앞 산출물과 이어지지 않음 · ","")&IF(SUMPRODUCT(--ISNUMBER(SEARCH({"관리한다","처리한다","수행한다","진행한다"},$AW21)))>0,"뭉뚱그린 동사 · ","")&IF(ISNUMBER(SEARCH("하고 ",$AW21)),"한 줄에 동작 2개 · ","")&IF(RIGHT($L21,2)<>"한다","~한다 로 안 끝남 · ","")&IF(AND($P21<>"",N($P21)>60),"1건 60분 넘음 — 더 쪼개세요 · ","")&IF(AND($AA21="AI",$AD21<>"",N($AD21)>0),"AI 혼자 하는데 사람 인원 있음 · ","")&IF(AND($AA21="AI+사람",$AD21<>"",N($AD21)=0),"사람이 확인한다는데 인원 0 · ","")&IF(AND($X21="유지",$Y21="AI"),"그대로 두는데 AI 를 쓴다고 함 · ","")&IF(AND($X21="신설",COUNT($P21,$Q21)>0),"새로 생기는 일인데 현재 공수가 있음 · ","")&IF(AND($X21="삭제",COUNT($AC21,$AD21)>0),"없애는 일인데 개선 후 공수가 있음 · ","")&IF(AND($X21<>"신설",N($AH21)>0,N($AI21)>N($AH21)),"개선 후가 지금보다 더 오래 걸림 · ","")) | BC21: =IFERROR(IF($L21="",0,1/$AP21),0) -> 0
B22: 17 | C22: 1.1.3.19.1 | D22: #4 | E22: 시큐리티 | F22: 마케팅 | G22: Market Intelligence | H22: MI 정보분석 및 시사점 도출 | I22: 주요 시사점 도출 | J22: 고객분석 시사점 도출 | K22: =IF($L22="","",$C22&"-"&TEXT(COUNTIFS($C$6:$C22,$C22),"00")) | AH22: =IF(OR($Q22="",$Q22=0,$P22=""),0,ROUND($P22*$Q22*IFERROR(IF($R22="건별/비정기",$T22,VLOOKUP($R22,'04.코드표'!$K$5:$L$8,2,FALSE)*$S22),0)/60,1)) -> 0 | AI22: =IF(OR($AD22="",$AD22=0,$AC22=""),0,ROUND($AC22*$AD22*IFERROR(IF($R22="건별/비정기",$T22,VLOOKUP($R22,'04.코드표'!$K$5:$L$8,2,FALSE)*$S22),0)/60,1)) -> 0 | AJ22: =IF($L22="","",$AH22-$AI22) | AK22: =IF($L22="","",ROUND($AJ22/'04.코드표'!$L$11,2)) | AP22: =IF($L22="","",COUNTIFS($C$6:$C$62,$C22)) | AQ22: =IF($L22="","",IF($AP22=1,"⚠ 1개뿐 — 더 쪼개세요",IF($AP22=2,"△ 2개뿐 — 빠진 단계 확인",IF($AZ22<=2,"△ 하는 일이 "&$AZ22&"가지뿐 — 빠진 단계 확인","○ 좋음 (하는 일 "&$AZ22&"가지)")))) | AR22: =IF($L22="","",IF($BA22=0,"○ 다 채웠음","⚠ "&$BA22&"칸 비었음")) | AS22: =IF($L22="","",IF($BB22="","○ 문제 없음","⚠ "&LEFT($BB22,LEN($BB22)-3))) | AV22: =IF($L22="","",TRIM(RIGHT(SUBSTITUTE($AW22," ",REPT(" ",120)),120))) | AW22: =SUBSTITUTE($L22,CHAR(10)," ") | AX22: =SUBSTITUTE($J22,CHAR(10)," ") -> 고객분석 시사점 도출 | AY22: =IF($L22="","",IF(SUMPRODUCT(--ISNUMBER(SEARCH({"조회","수집","추출","검색","파악","취합","조달","접수","연계","연동","선별","확보","입수","조사","식별","검출","감지","스크랩","필터링"},$AV22)))>0,"조회",IF(SUMPRODUCT(--ISNUMBER(SEARCH({"검토","검증","판정","판별","확인","승인","선정","대조","점검","분류","확정","평가","판단","심사","검수","비교","결정","구분","진단","판독","협의"},$AV22)))>0,"검증",IF(SUMPRODUCT(--ISNUMBER(SEARCH({"등록","발송","배포","제출","보고","이관","업로드","비치","공유","통보","알림","축적","저장","안내","제시","전달","회신","게시","기록","전파","제공","공지","요청","지시","배정","회부"},$AV22)))>0,"등록",IF(SUMPRODUCT(--ISNUMBER(SEARCH({"작성","생성","산출","제작","입력","정리","집계","분석","정형화","도출","보정","구성","정렬","반영","수립","설계","보완","요약","번역","정의","산정","갱신","수정","편성","설정","누적","가공","변환","시각화","편집","통합","부여","정제","기입","조정","제거","표시","채번"},$AV22)))>0,"작성","기타"))))) | AZ22: =IF($L22="","",(COUNTIFS($C$6:$C$62,$C22,$AY$6:$AY$62,"조회")>0)+(COUNTIFS($C$6:$C$62,$C22,$AY$6:$AY$62,"작성")>0)+(COUNTIFS($C$6:$C$62,$C22,$AY$6:$AY$62,"검증")>0)+(COUNTIFS($C$6:$C$62,$C22,$AY$6:$AY$62,"등록")>0)) | BA22: =IF($L22="",0,IF($X22="신설",0,COUNTBLANK($N22)+COUNTBLANK($P22)+COUNTBLANK($Q22)+COUNTBLANK($R22)+IF($R22="건별/비정기",COUNTBLANK($T22),IF($R22="",0,COUNTBLANK($S22))))+IF($X22="삭제",0,COUNTBLANK($AC22)+COUNTBLANK($AD22))) -> 0 | BB22: =IF($L22="","",IF(AND($AX22<>"",ISNUMBER(SEARCH($AX22,$AW22))),"L5 이름을 그대로 씀 · ","")&IF(AND($L22<>"",$L22=$Z22),"개선 후 설명이 똑같음 · ","")&IF(COUNTIFS($C$6:$C$62,$C22,$L$6:$L$62,$L22)>1,"같은 내용이 또 있음 · ","")&IF(AND($U22<>"",$U22=$V22),"필요 자료와 산출물이 같음 · ","")&IF(AND($C22=$C5,$V5<>"",$U22<>"",ISERROR(SEARCH(SUBSTITUTE($V5,CHAR(10)," "),SUBSTITUTE($U22,CHAR(10)," "))),ISERROR(SEARCH(SUBSTITUTE($U22,CHAR(10)," "),SUBSTITUTE($V5,CHAR(10)," ")))),"앞 산출물과 이어지지 않음 · ","")&IF(SUMPRODUCT(--ISNUMBER(SEARCH({"관리한다","처리한다","수행한다","진행한다"},$AW22)))>0,"뭉뚱그린 동사 · ","")&IF(ISNUMBER(SEARCH("하고 ",$AW22)),"한 줄에 동작 2개 · ","")&IF(RIGHT($L22,2)<>"한다","~한다 로 안 끝남 · ","")&IF(AND($P22<>"",N($P22)>60),"1건 60분 넘음 — 더 쪼개세요 · ","")&IF(AND($AA22="AI",$AD22<>"",N($AD22)>0),"AI 혼자 하는데 사람 인원 있음 · ","")&IF(AND($AA22="AI+사람",$AD22<>"",N($AD22)=0),"사람이 확인한다는데 인원 0 · ","")&IF(AND($X22="유지",$Y22="AI"),"그대로 두는데 AI 를 쓴다고 함 · ","")&IF(AND($X22="신설",COUNT($P22,$Q22)>0),"새로 생기는 일인데 현재 공수가 있음 · ","")&IF(AND($X22="삭제",COUNT($AC22,$AD22)>0),"없애는 일인데 개선 후 공수가 있음 · ","")&IF(AND($X22<>"신설",N($AH22)>0,N($AI22)>N($AH22)),"개선 후가 지금보다 더 오래 걸림 · ","")) | BC22: =IFERROR(IF($L22="",0,1/$AP22),0) -> 0
B23: 18 | C23: 1.1.3.20.1 | D23: #4 | E23: 시큐리티 | F23: 마케팅 | G23: Market Intelligence | H23: MI 정보분석 및 시사점 도출 | I23: 조사 보고서 작성 | J23: 일간 MI뉴스 작성 | K23: =IF($L23="","",$C23&"-"&TEXT(COUNTIFS($C$6:$C23,$C23),"00")) -> 1.1.3.20.1-01 | L23: 알람 및 SI시장 관련 기사를 주요 일간지와 유관 기관 사이트에서 스크랩한다 | N23: 사람 | P23: 25 | U23: 미디어·뉴스, 유관 기관 공개자료 | V23: 스크랩 기사 목록 | W23: 외부 | X23: 변경 | Y23: AI | Z23: 관련 기사가 자동 크롤링되어 스크랩 목록이 생성된다 | AA23: AI | AE23: 미디어·뉴스, 유관 기관 공개자료 | AF23: 스크랩 기사 목록 | AG23: AI Agent DB | AH23: =IF(OR($Q23="",$Q23=0,$P23=""),0,ROUND($P23*$Q23*IFERROR(IF($R23="건별/비정기",$T23,VLOOKUP($R23,'04.코드표'!$K$5:$L$8,2,FALSE)*$S23),0)/60,1)) -> 0 | AI23: =IF(OR($AD23="",$AD23=0,$AC23=""),0,ROUND($AC23*$AD23*IFERROR(IF($R23="건별/비정기",$T23,VLOOKUP($R23,'04.코드표'!$K$5:$L$8,2,FALSE)*$S23),0)/60,1)) -> 0 | AJ23: =IF($L23="","",$AH23-$AI23) -> 0 | AK23: =IF($L23="","",ROUND($AJ23/'04.코드표'!$L$11,2)) -> 0 | AL23: 하 | AM23: 매일 여러 사이트를 사람이 돌며 기사를 찾아 옮겨 붙인다 | AO23: 일간 MI는 현재 진행하고 있지 않은 부분이라서 인원수는 기재하지 않았으므로 참고 부탁드립니다. | AP23: =IF($L23="","",COUNTIFS($C$6:$C$62,$C23)) -> 4 | AQ23: =IF($L23="","",IF($AP23=1,"⚠ 1개뿐 — 더 쪼개세요",IF($AP23=2,"△ 2개뿐 — 빠진 단계 확인",IF($AZ23<=2,"△ 하는 일이 "&$AZ23&"가지뿐 — 빠진 단계 확인","○ 좋음 (하는 일 "&$AZ23&"가지)")))) -> ○ 좋음 (하는 일 4가지) | AR23: =IF($L23="","",IF($BA23=0,"○ 다 채웠음","⚠ "&$BA23&"칸 비었음")) -> ⚠ 4칸 비었음 | AS23: =IF($L23="","",IF($BB23="","○ 문제 없음","⚠ "&LEFT($BB23,LEN($BB23)-3))) -> ○ 문제 없음 | AV23: =IF($L23="","",TRIM(RIGHT(SUBSTITUTE($AW23," ",REPT(" ",120)),120))) -> 스크랩한다 | AW23: =SUBSTITUTE($L23,CHAR(10)," ") -> 알람 및 SI시장 관련 기사를 주요 일간지와 유관 기관 사이트에서 스크랩한다 | AX23: =SUBSTITUTE($J23,CHAR(10)," ") -> 일간 MI뉴스 작성 | AY23: =IF($L23="","",IF(SUMPRODUCT(--ISNUMBER(SEARCH({"조회","수집","추출","검색","파악","취합","조달","접수","연계","연동","선별","확보","입수","조사","식별","검출","감지","스크랩","필터링"},$AV23)))>0,"조회",IF(SUMPRODUCT(--ISNUMBER(SEARCH({"검토","검증","판정","판별","확인","승인","선정","대조","점검","분류","확정","평가","판단","심사","검수","비교","결정","구분","진단","판독","협의"},$AV23)))>0,"검증",IF(SUMPRODUCT(--ISNUMBER(SEARCH({"등록","발송","배포","제출","보고","이관","업로드","비치","공유","통보","알림","축적","저장","안내","제시","전달","회신","게시","기록","전파","제공","공지","요청","지시","배정","회부"},$AV23)))>0,"등록",IF(SUMPRODUCT(--ISNUMBER(SEARCH({"작성","생성","산출","제작","입력","정리","집계","분석","정형화","도출","보정","구성","정렬","반영","수립","설계","보완","요약","번역","정의","산정","갱신","수정","편성","설정","누적","가공","변환","시각화","편집","통합","부여","정제","기입","조정","제거","표시","채번"},$AV23)))>0,"작성","기타"))))) -> 조회 | AZ23: =IF($L23="","",(COUNTIFS($C$6:$C$62,$C23,$AY$6:$AY$62,"조회")>0)+(COUNTIFS($C$6:$C$62,$C23,$AY$6:$AY$62,"작성")>0)+(COUNTIFS($C$6:$C$62,$C23,$AY$6:$AY$62,"검증")>0)+(COUNTIFS($C$6:$C$62,$C23,$AY$6:$AY$62,"등록")>0)) -> 4 | BA23: =IF($L23="",0,IF($X23="신설",0,COUNTBLANK($N23)+COUNTBLANK($P23)+COUNTBLANK($Q23)+COUNTBLANK($R23)+IF($R23="건별/비정기",COUNTBLANK($T23),IF($R23="",0,COUNTBLANK($S23))))+IF($X23="삭제",0,COUNTBLANK($AC23)+COUNTBLANK($AD23))) -> 4 | BB23: =IF($L23="","",IF(AND($AX23<>"",ISNUMBER(SEARCH($AX23,$AW23))),"L5 이름을 그대로 씀 · ","")&IF(AND($L23<>"",$L23=$Z23),"개선 후 설명이 똑같음 · ","")&IF(COUNTIFS($C$6:$C$62,$C23,$L$6:$L$62,$L23)>1,"같은 내용이 또 있음 · ","")&IF(AND($U23<>"",$U23=$V23),"필요 자료와 산출물이 같음 · ","")&IF(AND($C23=$C5,$V5<>"",$U23<>"",ISERROR(SEARCH(SUBSTITUTE($V5,CHAR(10)," "),SUBSTITUTE($U23,CHAR(10)," "))),ISERROR(SEARCH(SUBSTITUTE($U23,CHAR(10)," "),SUBSTITUTE($V5,CHAR(10)," ")))),"앞 산출물과 이어지지 않음 · ","")&IF(SUMPRODUCT(--ISNUMBER(SEARCH({"관리한다","처리한다","수행한다","진행한다"},$AW23)))>0,"뭉뚱그린 동사 · ","")&IF(ISNUMBER(SEARCH("하고 ",$AW23)),"한 줄에 동작 2개 · ","")&IF(RIGHT($L23,2)<>"한다","~한다 로 안 끝남 · ","")&IF(AND($P23<>"",N($P23)>60),"1건 60분 넘음 — 더 쪼개세요 · ","")&IF(AND($AA23="AI",$AD23<>"",N($AD23)>0),"AI 혼자 하는데 사람 인원 있음 · ","")&IF(AND($AA23="AI+사람",$AD23<>"",N($AD23)=0),"사람이 확인한다는데 인원 0 · ","")&IF(AND($X23="유지",$Y23="AI"),"그대로 두는데 AI 를 쓴다고 함 · ","")&IF(AND($X23="신설",COUNT($P23,$Q23)>0),"새로 생기는 일인데 현재 공수가 있음 · ","")&IF(AND($X23="삭제",COUNT($AC23,$AD23)>0),"없애는 일인데 개선 후 공수가 있음 · ","")&IF(AND($X23<>"신설",N($AH23)>0,N($AI23)>N($AH23)),"개선 후가 지금보다 더 오래 걸림 · ","")) | BC23: =IFERROR(IF($L23="",0,1/$AP23),0) -> 0.25
B24: 19 | C24: 1.1.3.20.1 | D24: #4 | E24: 시큐리티 | F24: 마케팅 | G24: Market Intelligence | H24: MI 정보분석 및 시사점 도출 | I24: 조사 보고서 작성 | J24: 일간 MI뉴스 작성 | K24: =IF($L24="","",$C24&"-"&TEXT(COUNTIFS($C$6:$C24,$C24),"00")) -> 1.1.3.20.1-02 | L24: 스크랩한 기사를 요약·번역한다 | N24: 사람 | P24: 15 | U24: 스크랩 기사 목록 | V24: 요약·정형화된 기사 | W24: offline(개인PC) | X24: 변경 | Y24: AI | Z24: 기사별 요약·번역·용어 정리를 AI가 자동 처리해 정형화된 형태로 산출한다 | AA24: AI | AE24: 스크랩 기사 목록 | AF24: 요약·정형화된 기사 | AG24: AI Agent DB | AH24: =IF(OR($Q24="",$Q24=0,$P24=""),0,ROUND($P24*$Q24*IFERROR(IF($R24="건별/비정기",$T24,VLOOKUP($R24,'04.코드표'!$K$5:$L$8,2,FALSE)*$S24),0)/60,1)) -> 0 | AI24: =IF(OR($AD24="",$AD24=0,$AC24=""),0,ROUND($AC24*$AD24*IFERROR(IF($R24="건별/비정기",$T24,VLOOKUP($R24,'04.코드표'!$K$5:$L$8,2,FALSE)*$S24),0)/60,1)) -> 0 | AJ24: =IF($L24="","",$AH24-$AI24) -> 0 | AK24: =IF($L24="","",ROUND($AJ24/'04.코드표'!$L$11,2)) -> 0 | AL24: 하 | AM24: 기사별 요약·번역·용어 정리를 수작업으로 반복해 분석 시간을 잠식한다 | AO24: 일간 MI는 현재 진행하고 있지 않은 부분이라서 인원수는 기재하지 않았으므로 참고 부탁드립니다. | AP24: =IF($L24="","",COUNTIFS($C$6:$C$62,$C24)) -> 4 | AQ24: =IF($L24="","",IF($AP24=1,"⚠ 1개뿐 — 더 쪼개세요",IF($AP24=2,"△ 2개뿐 — 빠진 단계 확인",IF($AZ24<=2,"△ 하는 일이 "&$AZ24&"가지뿐 — 빠진 단계 확인","○ 좋음 (하는 일 "&$AZ24&"가지)")))) -> ○ 좋음 (하는 일 4가지) | AR24: =IF($L24="","",IF($BA24=0,"○ 다 채웠음","⚠ "&$BA24&"칸 비었음")) -> ⚠ 4칸 비었음 | AS24: =IF($L24="","",IF($BB24="","○ 문제 없음","⚠ "&LEFT($BB24,LEN($BB24)-3))) -> ○ 문제 없음 | AV24: =IF($L24="","",TRIM(RIGHT(SUBSTITUTE($AW24," ",REPT(" ",120)),120))) -> 요약·번역한다 | AW24: =SUBSTITUTE($L24,CHAR(10)," ") -> 스크랩한 기사를 요약·번역한다 | AX24: =SUBSTITUTE($J24,CHAR(10)," ") -> 일간 MI뉴스 작성 | AY24: =IF($L24="","",IF(SUMPRODUCT(--ISNUMBER(SEARCH({"조회","수집","추출","검색","파악","취합","조달","접수","연계","연동","선별","확보","입수","조사","식별","검출","감지","스크랩","필터링"},$AV24)))>0,"조회",IF(SUMPRODUCT(--ISNUMBER(SEARCH({"검토","검증","판정","판별","확인","승인","선정","대조","점검","분류","확정","평가","판단","심사","검수","비교","결정","구분","진단","판독","협의"},$AV24)))>0,"검증",IF(SUMPRODUCT(--ISNUMBER(SEARCH({"등록","발송","배포","제출","보고","이관","업로드","비치","공유","통보","알림","축적","저장","안내","제시","전달","회신","게시","기록","전파","제공","공지","요청","지시","배정","회부"},$AV24)))>0,"등록",IF(SUMPRODUCT(--ISNUMBER(SEARCH({"작성","생성","산출","제작","입력","정리","집계","분석","정형화","도출","보정","구성","정렬","반영","수립","설계","보완","요약","번역","정의","산정","갱신","수정","편성","설정","누적","가공","변환","시각화","편집","통합","부여","정제","기입","조정","제거","표시","채번"},$AV24)))>0,"작성","기타"))))) -> 작성 | AZ24: =IF($L24="","",(COUNTIFS($C$6:$C$62,$C24,$AY$6:$AY$62,"조회")>0)+(COUNTIFS($C$6:$C$62,$C24,$AY$6:$AY$62,"작성")>0)+(COUNTIFS($C$6:$C$62,$C24,$AY$6:$AY$62,"검증")>0)+(COUNTIFS($C$6:$C$62,$C24,$AY$6:$AY$62,"등록")>0)) -> 4 | BA24: =IF($L24="",0,IF($X24="신설",0,COUNTBLANK($N24)+COUNTBLANK($P24)+COUNTBLANK($Q24)+COUNTBLANK($R24)+IF($R24="건별/비정기",COUNTBLANK($T24),IF($R24="",0,COUNTBLANK($S24))))+IF($X24="삭제",0,COUNTBLANK($AC24)+COUNTBLANK($AD24))) -> 4 | BB24: =IF($L24="","",IF(AND($AX24<>"",ISNUMBER(SEARCH($AX24,$AW24))),"L5 이름을 그대로 씀 · ","")&IF(AND($L24<>"",$L24=$Z24),"개선 후 설명이 똑같음 · ","")&IF(COUNTIFS($C$6:$C$62,$C24,$L$6:$L$62,$L24)>1,"같은 내용이 또 있음 · ","")&IF(AND($U24<>"",$U24=$V24),"필요 자료와 산출물이 같음 · ","")&IF(AND($C24=$C5,$V5<>"",$U24<>"",ISERROR(SEARCH(SUBSTITUTE($V5,CHAR(10)," "),SUBSTITUTE($U24,CHAR(10)," "))),ISERROR(SEARCH(SUBSTITUTE($U24,CHAR(10)," "),SUBSTITUTE($V5,CHAR(10)," ")))),"앞 산출물과 이어지지 않음 · ","")&IF(SUMPRODUCT(--ISNUMBER(SEARCH({"관리한다","처리한다","수행한다","진행한다"},$AW24)))>0,"뭉뚱그린 동사 · ","")&IF(ISNUMBER(SEARCH("하고 ",$AW24)),"한 줄에 동작 2개 · ","")&IF(RIGHT($L24,2)<>"한다","~한다 로 안 끝남 · ","")&IF(AND($P24<>"",N($P24)>60),"1건 60분 넘음 — 더 쪼개세요 · ","")&IF(AND($AA24="AI",$AD24<>"",N($AD24)>0),"AI 혼자 하는데 사람 인원 있음 · ","")&IF(AND($AA24="AI+사람",$AD24<>"",N($AD24)=0),"사람이 확인한다는데 인원 0 · ","")&IF(AND($X24="유지",$Y24="AI"),"그대로 두는데 AI 를 쓴다고 함 · ","")&IF(AND($X24="신설",COUNT($P24,$Q24)>0),"새로 생기는 일인데 현재 공수가 있음 · ","")&IF(AND($X24="삭제",COUNT($AC24,$AD24)>0),"없애는 일인데 개선 후 공수가 있음 · ","")&IF(AND($X24<>"신설",N($AH24)>0,N($AI24)>N($AH24)),"개선 후가 지금보다 더 오래 걸림 · ","")) | BC24: =IFERROR(IF($L24="",0,1/$AP24),0) -> 0.25
B25: 20 | C25: 1.1.3.20.1 | D25: #4 | E25: 시큐리티 | F25: 마케팅 | G25: Market Intelligence | H25: MI 정보분석 및 시사점 도출 | I25: 조사 보고서 작성 | J25: 일간 MI뉴스 작성 | K25: =IF($L25="","",$C25&"-"&TEXT(COUNTIFS($C$6:$C25,$C25),"00")) -> 1.1.3.20.1-03 | L25: 정리된 기사 중 뉴스에 실을 대상을 선정한다 | M25: 기사가 선정 기준상 왜 다뤄야 하는지에 대한 근거를 갖추었는지 여부 | N25: 사람 | P25: 5 | U25: 요약·정형화된 기사, 선별 기준 | V25: 게재 대상 기사 | W25: offline(개인PC) | X25: 변경 | Y25: AI | Z25: AI가 근거를 붙여 후보를 제시하고 분석가가 최종 채택 여부를 판단한다 | AA25: AI+사람 | AE25: 요약·정형화된 기사, 선별 기준 | AF25: 게재 대상 기사 | AG25: AI Agent DB | AH25: =IF(OR($Q25="",$Q25=0,$P25=""),0,ROUND($P25*$Q25*IFERROR(IF($R25="건별/비정기",$T25,VLOOKUP($R25,'04.코드표'!$K$5:$L$8,2,FALSE)*$S25),0)/60,1)) -> 0 | AI25: =IF(OR($AD25="",$AD25=0,$AC25=""),0,ROUND($AC25*$AD25*IFERROR(IF($R25="건별/비정기",$T25,VLOOKUP($R25,'04.코드표'!$K$5:$L$8,2,FALSE)*$S25),0)/60,1)) -> 0 | AJ25: =IF($L25="","",$AH25-$AI25) -> 0 | AK25: =IF($L25="","",ROUND($AJ25/'04.코드표'!$L$11,2)) -> 0 | AL25: 상 | AM25: 주제 선정이 개인 판단에 의존해 담당자가 바뀌면 결과가 달라진다 | AO25: 일간 MI는 현재 진행하고 있지 않은 부분이라서 인원수는 기재하지 않았으므로 참고 부탁드립니다. | AP25: =IF($L25="","",COUNTIFS($C$6:$C$62,$C25)) -> 4 | AQ25: =IF($L25="","",IF($AP25=1,"⚠ 1개뿐 — 더 쪼개세요",IF($AP25=2,"△ 2개뿐 — 빠진 단계 확인",IF($AZ25<=2,"△ 하는 일이 "&$AZ25&"가지뿐 — 빠진 단계 확인","○ 좋음 (하는 일 "&$AZ25&"가지)")))) -> ○ 좋음 (하는 일 4가지) | AR25: =IF($L25="","",IF($BA25=0,"○ 다 채웠음","⚠ "&$BA25&"칸 비었음")) -> ⚠ 4칸 비었음 | AS25: =IF($L25="","",IF($BB25="","○ 문제 없음","⚠ "&LEFT($BB25,LEN($BB25)-3))) -> ○ 문제 없음 | AV25: =IF($L25="","",TRIM(RIGHT(SUBSTITUTE($AW25," ",REPT(" ",120)),120))) -> 선정한다 | AW25: =SUBSTITUTE($L25,CHAR(10)," ") -> 정리된 기사 중 뉴스에 실을 대상을 선정한다 | AX25: =SUBSTITUTE($J25,CHAR(10)," ") -> 일간 MI뉴스 작성 | AY25: =IF($L25="","",IF(SUMPRODUCT(--ISNUMBER(SEARCH({"조회","수집","추출","검색","파악","취합","조달","접수","연계","연동","선별","확보","입수","조사","식별","검출","감지","스크랩","필터링"},$AV25)))>0,"조회",IF(SUMPRODUCT(--ISNUMBER(SEARCH({"검토","검증","판정","판별","확인","승인","선정","대조","점검","분류","확정","평가","판단","심사","검수","비교","결정","구분","진단","판독","협의"},$AV25)))>0,"검증",IF(SUMPRODUCT(--ISNUMBER(SEARCH({"등록","발송","배포","제출","보고","이관","업로드","비치","공유","통보","알림","축적","저장","안내","제시","전달","회신","게시","기록","전파","제공","공지","요청","지시","배정","회부"},$AV25)))>0,"등록",IF(SUMPRODUCT(--ISNUMBER(SEARCH({"작성","생성","산출","제작","입력","정리","집계","분석","정형화","도출","보정","구성","정렬","반영","수립","설계","보완","요약","번역","정의","산정","갱신","수정","편성","설정","누적","가공","변환","시각화","편집","통합","부여","정제","기입","조정","제거","표시","채번"},$AV25)))>0,"작성","기타"))))) -> 검증 | AZ25: =IF($L25="","",(COUNTIFS($C$6:$C$62,$C25,$AY$6:$AY$62,"조회")>0)+(COUNTIFS($C$6:$C$62,$C25,$AY$6:$AY$62,"작성")>0)+(COUNTIFS($C$6:$C$62,$C25,$AY$6:$AY$62,"검증")>0)+(COUNTIFS($C$6:$C$62,$C25,$AY$6:$AY$62,"등록")>0)) -> 4 | BA25: =IF($L25="",0,IF($X25="신설",0,COUNTBLANK($N25)+COUNTBLANK($P25)+COUNTBLANK($Q25)+COUNTBLANK($R25)+IF($R25="건별/비정기",COUNTBLANK($T25),IF($R25="",0,COUNTBLANK($S25))))+IF($X25="삭제",0,COUNTBLANK($AC25)+COUNTBLANK($AD25))) -> 4 | BB25: =IF($L25="","",IF(AND($AX25<>"",ISNUMBER(SEARCH($AX25,$AW25))),"L5 이름을 그대로 씀 · ","")&IF(AND($L25<>"",$L25=$Z25),"개선 후 설명이 똑같음 · ","")&IF(COUNTIFS($C$6:$C$62,$C25,$L$6:$L$62,$L25)>1,"같은 내용이 또 있음 · ","")&IF(AND($U25<>"",$U25=$V25),"필요 자료와 산출물이 같음 · ","")&IF(AND($C25=$C5,$V5<>"",$U25<>"",ISERROR(SEARCH(SUBSTITUTE($V5,CHAR(10)," "),SUBSTITUTE($U25,CHAR(10)," "))),ISERROR(SEARCH(SUBSTITUTE($U25,CHAR(10)," "),SUBSTITUTE($V5,CHAR(10)," ")))),"앞 산출물과 이어지지 않음 · ","")&IF(SUMPRODUCT(--ISNUMBER(SEARCH({"관리한다","처리한다","수행한다","진행한다"},$AW25)))>0,"뭉뚱그린 동사 · ","")&IF(ISNUMBER(SEARCH("하고 ",$AW25)),"한 줄에 동작 2개 · ","")&IF(RIGHT($L25,2)<>"한다","~한다 로 안 끝남 · ","")&IF(AND($P25<>"",N($P25)>60),"1건 60분 넘음 — 더 쪼개세요 · ","")&IF(AND($AA25="AI",$AD25<>"",N($AD25)>0),"AI 혼자 하는데 사람 인원 있음 · ","")&IF(AND($AA25="AI+사람",$AD25<>"",N($AD25)=0),"사람이 확인한다는데 인원 0 · ","")&IF(AND($X25="유지",$Y25="AI"),"그대로 두는데 AI 를 쓴다고 함 · ","")&IF(AND($X25="신설",COUNT($P25,$Q25)>0),"새로 생기는 일인데 현재 공수가 있음 · ","")&IF(AND($X25="삭제",COUNT($AC25,$AD25)>0),"없애는 일인데 개선 후 공수가 있음 · ","")&IF(AND($X25<>"신설",N($AH25)>0,N($AI25)>N($AH25)),"개선 후가 지금보다 더 오래 걸림 · ","")) | BC25: =IFERROR(IF($L25="",0,1/$AP25),0) -> 0.25
B26: 21 | C26: 1.1.3.20.1 | D26: #4 | E26: 시큐리티 | F26: 마케팅 | G26: Market Intelligence | H26: MI 정보분석 및 시사점 도출 | I26: 조사 보고서 작성 | J26: 일간 MI뉴스 작성 | K26: =IF($L26="","",$C26&"-"&TEXT(COUNTIFS($C$6:$C26,$C26),"00")) -> 1.1.3.20.1-04 | L26: 확정된 일간 MI뉴스를 편집하여 발송한다 | N26: 사람 | P26: 0 | U26: 게재 대상 기사 | V26: 일간 MI뉴스 | W26: Knox(메일) | X26: 변경 | Y26: AI | Z26: 표준 양식으로 자동 편집된 일간 MI뉴스가 배포 대상에게 발송된다 | AA26: AI+사람 | AE26: 게재 대상 기사 | AF26: 일간 MI뉴스 | AG26: Knox(메일) | AH26: =IF(OR($Q26="",$Q26=0,$P26=""),0,ROUND($P26*$Q26*IFERROR(IF($R26="건별/비정기",$T26,VLOOKUP($R26,'04.코드표'!$K$5:$L$8,2,FALSE)*$S26),0)/60,1)) -> 0 | AI26: =IF(OR($AD26="",$AD26=0,$AC26=""),0,ROUND($AC26*$AD26*IFERROR(IF($R26="건별/비정기",$T26,VLOOKUP($R26,'04.코드표'!$K$5:$L$8,2,FALSE)*$S26),0)/60,1)) -> 0 | AJ26: =IF($L26="","",$AH26-$AI26) -> 0 | AK26: =IF($L26="","",ROUND($AJ26/'04.코드표'!$L$11,2)) -> 0 | AL26: 하 | AM26: 취합·편집·발송을 매일 사람이 반복해 정형 업무에 시간이 묶인다 | AO26: 일간 MI는 현재 진행하고 있지 않은 부분이라서 인원수는 기재하지 않았으므로 참고 부탁드립니다. | AP26: =IF($L26="","",COUNTIFS($C$6:$C$62,$C26)) -> 4 | AQ26: =IF($L26="","",IF($AP26=1,"⚠ 1개뿐 — 더 쪼개세요",IF($AP26=2,"△ 2개뿐 — 빠진 단계 확인",IF($AZ26<=2,"△ 하는 일이 "&$AZ26&"가지뿐 — 빠진 단계 확인","○ 좋음 (하는 일 "&$AZ26&"가지)")))) -> ○ 좋음 (하는 일 4가지) | AR26: =IF($L26="","",IF($BA26=0,"○ 다 채웠음","⚠ "&$BA26&"칸 비었음")) -> ⚠ 4칸 비었음 | AS26: =IF($L26="","",IF($BB26="","○ 문제 없음","⚠ "&LEFT($BB26,LEN($BB26)-3))) -> ○ 문제 없음 | AV26: =IF($L26="","",TRIM(RIGHT(SUBSTITUTE($AW26," ",REPT(" ",120)),120))) -> 발송한다 | AW26: =SUBSTITUTE($L26,CHAR(10)," ") -> 확정된 일간 MI뉴스를 편집하여 발송한다 | AX26: =SUBSTITUTE($J26,CHAR(10)," ") -> 일간 MI뉴스 작성 | AY26: =IF($L26="","",IF(SUMPRODUCT(--ISNUMBER(SEARCH({"조회","수집","추출","검색","파악","취합","조달","접수","연계","연동","선별","확보","입수","조사","식별","검출","감지","스크랩","필터링"},$AV26)))>0,"조회",IF(SUMPRODUCT(--ISNUMBER(SEARCH({"검토","검증","판정","판별","확인","승인","선정","대조","점검","분류","확정","평가","판단","심사","검수","비교","결정","구분","진단","판독","협의"},$AV26)))>0,"검증",IF(SUMPRODUCT(--ISNUMBER(SEARCH({"등록","발송","배포","제출","보고","이관","업로드","비치","공유","통보","알림","축적","저장","안내","제시","전달","회신","게시","기록","전파","제공","공지","요청","지시","배정","회부"},$AV26)))>0,"등록",IF(SUMPRODUCT(--ISNUMBER(SEARCH({"작성","생성","산출","제작","입력","정리","집계","분석","정형화","도출","보정","구성","정렬","반영","수립","설계","보완","요약","번역","정의","산정","갱신","수정","편성","설정","누적","가공","변환","시각화","편집","통합","부여","정제","기입","조정","제거","표시","채번"},$AV26)))>0,"작성","기타"))))) -> 등록 | AZ26: =IF($L26="","",(COUNTIFS($C$6:$C$62,$C26,$AY$6:$AY$62,"조회")>0)+(COUNTIFS($C$6:$C$62,$C26,$AY$6:$AY$62,"작성")>0)+(COUNTIFS($C$6:$C$62,$C26,$AY$6:$AY$62,"검증")>0)+(COUNTIFS($C$6:$C$62,$C26,$AY$6:$AY$62,"등록")>0)) -> 4 | BA26: =IF($L26="",0,IF($X26="신설",0,COUNTBLANK($N26)+COUNTBLANK($P26)+COUNTBLANK($Q26)+COUNTBLANK($R26)+IF($R26="건별/비정기",COUNTBLANK($T26),IF($R26="",0,COUNTBLANK($S26))))+IF($X26="삭제",0,COUNTBLANK($AC26)+COUNTBLANK($AD26))) -> 4 | BB26: =IF($L26="","",IF(AND($AX26<>"",ISNUMBER(SEARCH($AX26,$AW26))),"L5 이름을 그대로 씀 · ","")&IF(AND($L26<>"",$L26=$Z26),"개선 후 설명이 똑같음 · ","")&IF(COUNTIFS($C$6:$C$62,$C26,$L$6:$L$62,$L26)>1,"같은 내용이 또 있음 · ","")&IF(AND($U26<>"",$U26=$V26),"필요 자료와 산출물이 같음 · ","")&IF(AND($C26=$C5,$V5<>"",$U26<>"",ISERROR(SEARCH(SUBSTITUTE($V5,CHAR(10)," "),SUBSTITUTE($U26,CHAR(10)," "))),ISERROR(SEARCH(SUBSTITUTE($U26,CHAR(10)," "),SUBSTITUTE($V5,CHAR(10)," ")))),"앞 산출물과 이어지지 않음 · ","")&IF(SUMPRODUCT(--ISNUMBER(SEARCH({"관리한다","처리한다","수행한다","진행한다"},$AW26)))>0,"뭉뚱그린 동사 · ","")&IF(ISNUMBER(SEARCH("하고 ",$AW26)),"한 줄에 동작 2개 · ","")&IF(RIGHT($L26,2)<>"한다","~한다 로 안 끝남 · ","")&IF(AND($P26<>"",N($P26)>60),"1건 60분 넘음 — 더 쪼개세요 · ","")&IF(AND($AA26="AI",$AD26<>"",N($AD26)>0),"AI 혼자 하는데 사람 인원 있음 · ","")&IF(AND($AA26="AI+사람",$AD26<>"",N($AD26)=0),"사람이 확인한다는데 인원 0 · ","")&IF(AND($X26="유지",$Y26="AI"),"그대로 두는데 AI 를 쓴다고 함 · ","")&IF(AND($X26="신설",COUNT($P26,$Q26)>0),"새로 생기는 일인데 현재 공수가 있음 · ","")&IF(AND($X26="삭제",COUNT($AC26,$AD26)>0),"없애는 일인데 개선 후 공수가 있음 · ","")&IF(AND($X26<>"신설",N($AH26)>0,N($AI26)>N($AH26)),"개선 후가 지금보다 더 오래 걸림 · ","")) | BC26: =IFERROR(IF($L26="",0,1/$AP26),0) -> 0.25
B27: 22 | C27: 1.1.3.20.2 | D27: #4 | E27: 시큐리티 | F27: 마케팅 | G27: Market Intelligence | H27: MI 정보분석 및 시사점 도출 | I27: 조사 보고서 작성 | J27: 시장환경분석서작성 | K27: =IF($L27="","",$C27&"-"&TEXT(COUNTIFS($C$6:$C27,$C27),"00")) | AH27: =IF(OR($Q27="",$Q27=0,$P27=""),0,ROUND($P27*$Q27*IFERROR(IF($R27="건별/비정기",$T27,VLOOKUP($R27,'04.코드표'!$K$5:$L$8,2,FALSE)*$S27),0)/60,1)) -> 0 | AI27: =IF(OR($AD27="",$AD27=0,$AC27=""),0,ROUND($AC27*$AD27*IFERROR(IF($R27="건별/비정기",$T27,VLOOKUP($R27,'04.코드표'!$K$5:$L$8,2,FALSE)*$S27),0)/60,1)) -> 0 | AJ27: =IF($L27="","",$AH27-$AI27) | AK27: =IF($L27="","",ROUND($AJ27/'04.코드표'!$L$11,2)) | AP27: =IF($L27="","",COUNTIFS($C$6:$C$62,$C27)) | AQ27: =IF($L27="","",IF($AP27=1,"⚠ 1개뿐 — 더 쪼개세요",IF($AP27=2,"△ 2개뿐 — 빠진 단계 확인",IF($AZ27<=2,"△ 하는 일이 "&$AZ27&"가지뿐 — 빠진 단계 확인","○ 좋음 (하는 일 "&$AZ27&"가지)")))) | AR27: =IF($L27="","",IF($BA27=0,"○ 다 채웠음","⚠ "&$BA27&"칸 비었음")) | AS27: =IF($L27="","",IF($BB27="","○ 문제 없음","⚠ "&LEFT($BB27,LEN($BB27)-3))) | AV27: =IF($L27="","",TRIM(RIGHT(SUBSTITUTE($AW27," ",REPT(" ",120)),120))) | AW27: =SUBSTITUTE($L27,CHAR(10)," ") | AX27: =SUBSTITUTE($J27,CHAR(10)," ") -> 시장환경분석서작성 | AY27: =IF($L27="","",IF(SUMPRODUCT(--ISNUMBER(SEARCH({"조회","수집","추출","검색","파악","취합","조달","접수","연계","연동","선별","확보","입수","조사","식별","검출","감지","스크랩","필터링"},$AV27)))>0,"조회",IF(SUMPRODUCT(--ISNUMBER(SEARCH({"검토","검증","판정","판별","확인","승인","선정","대조","점검","분류","확정","평가","판단","심사","검수","비교","결정","구분","진단","판독","협의"},$AV27)))>0,"검증",IF(SUMPRODUCT(--ISNUMBER(SEARCH({"등록","발송","배포","제출","보고","이관","업로드","비치","공유","통보","알림","축적","저장","안내","제시","전달","회신","게시","기록","전파","제공","공지","요청","지시","배정","회부"},$AV27)))>0,"등록",IF(SUMPRODUCT(--ISNUMBER(SEARCH({"작성","생성","산출","제작","입력","정리","집계","분석","정형화","도출","보정","구성","정렬","반영","수립","설계","보완","요약","번역","정의","산정","갱신","수정","편성","설정","누적","가공","변환","시각화","편집","통합","부여","정제","기입","조정","제거","표시","채번"},$AV27)))>0,"작성","기타"))))) | AZ27: =IF($L27="","",(COUNTIFS($C$6:$C$62,$C27,$AY$6:$AY$62,"조회")>0)+(COUNTIFS($C$6:$C$62,$C27,$AY$6:$AY$62,"작성")>0)+(COUNTIFS($C$6:$C$62,$C27,$AY$6:$AY$62,"검증")>0)+(COUNTIFS($C$6:$C$62,$C27,$AY$6:$AY$62,"등록")>0)) | BA27: =IF($L27="",0,IF($X27="신설",0,COUNTBLANK($N27)+COUNTBLANK($P27)+COUNTBLANK($Q27)+COUNTBLANK($R27)+IF($R27="건별/비정기",COUNTBLANK($T27),IF($R27="",0,COUNTBLANK($S27))))+IF($X27="삭제",0,COUNTBLANK($AC27)+COUNTBLANK($AD27))) -> 0 | BB27: =IF($L27="","",IF(AND($AX27<>"",ISNUMBER(SEARCH($AX27,$AW27))),"L5 이름을 그대로 씀 · ","")&IF(AND($L27<>"",$L27=$Z27),"개선 후 설명이 똑같음 · ","")&IF(COUNTIFS($C$6:$C$62,$C27,$L$6:$L$62,$L27)>1,"같은 내용이 또 있음 · ","")&IF(AND($U27<>"",$U27=$V27),"필요 자료와 산출물이 같음 · ","")&IF(AND($C27=$C5,$V5<>"",$U27<>"",ISERROR(SEARCH(SUBSTITUTE($V5,CHAR(10)," "),SUBSTITUTE($U27,CHAR(10)," "))),ISERROR(SEARCH(SUBSTITUTE($U27,CHAR(10)," "),SUBSTITUTE($V5,CHAR(10)," ")))),"앞 산출물과 이어지지 않음 · ","")&IF(SUMPRODUCT(--ISNUMBER(SEARCH({"관리한다","처리한다","수행한다","진행한다"},$AW27)))>0,"뭉뚱그린 동사 · ","")&IF(ISNUMBER(SEARCH("하고 ",$AW27)),"한 줄에 동작 2개 · ","")&IF(RIGHT($L27,2)<>"한다","~한다 로 안 끝남 · ","")&IF(AND($P27<>"",N($P27)>60),"1건 60분 넘음 — 더 쪼개세요 · ","")&IF(AND($AA27="AI",$AD27<>"",N($AD27)>0),"AI 혼자 하는데 사람 인원 있음 · ","")&IF(AND($AA27="AI+사람",$AD27<>"",N($AD27)=0),"사람이 확인한다는데 인원 0 · ","")&IF(AND($X27="유지",$Y27="AI"),"그대로 두는데 AI 를 쓴다고 함 · ","")&IF(AND($X27="신설",COUNT($P27,$Q27)>0),"새로 생기는 일인데 현재 공수가 있음 · ","")&IF(AND($X27="삭제",COUNT($AC27,$AD27)>0),"없애는 일인데 개선 후 공수가 있음 · ","")&IF(AND($X27<>"신설",N($AH27)>0,N($AI27)>N($AH27)),"개선 후가 지금보다 더 오래 걸림 · ","")) | BC27: =IFERROR(IF($L27="",0,1/$AP27),0) -> 0
B28: 23 | C28: 1.1.3.20.3 | D28: #4 | E28: 시큐리티 | F28: 마케팅 | G28: Market Intelligence | H28: MI 정보분석 및 시사점 도출 | I28: 조사 보고서 작성 | J28: 월간 MI리포트 작성 | K28: =IF($L28="","",$C28&"-"&TEXT(COUNTIFS($C$6:$C28,$C28),"00")) -> 1.1.3.20.3-01 | L28: 월간 주요 시장·경쟁사·고객 동향 정보를 취합한다 | N28: 사람 | P28: 25 | Q28: 1 | R28: 일 | S28: 1 | T28: 0 | U28: 확정 시사점, 월간 동향 자료 | V28: 월간 동향 취합본 | W28: offline(개인PC) | X28: 변경 | Y28: AI | Z28: 월간 동향 자료가 자동 취합되어 리포트 초안 입력으로 전달된다 | AA28: AI | AE28: 확정 시사점, 월간 동향 자료 | AF28: 월간 동향 취합본 | AG28: AI Agent DB | AH28: =IF(OR($Q28="",$Q28=0,$P28=""),0,ROUND($P28*$Q28*IFERROR(IF($R28="건별/비정기",$T28,VLOOKUP($R28,'04.코드표'!$K$5:$L$8,2,FALSE)*$S28),0)/60,1)) -> 104.2 | AI28: =IF(OR($AD28="",$AD28=0,$AC28=""),0,ROUND($AC28*$AD28*IFERROR(IF($R28="건별/비정기",$T28,VLOOKUP($R28,'04.코드표'!$K$5:$L$8,2,FALSE)*$S28),0)/60,1)) -> 0 | AJ28: =IF($L28="","",$AH28-$AI28) -> 104.2 | AK28: =IF($L28="","",ROUND($AJ28/'04.코드표'!$L$11,2)) -> 0.05 | AL28: 하 | AM28: 월말에 자료를 다시 모아 정리하는 취합 작업이 반복된다 | AP28: =IF($L28="","",COUNTIFS($C$6:$C$62,$C28)) -> 5 | AQ28: =IF($L28="","",IF($AP28=1,"⚠ 1개뿐 — 더 쪼개세요",IF($AP28=2,"△ 2개뿐 — 빠진 단계 확인",IF($AZ28<=2,"△ 하는 일이 "&$AZ28&"가지뿐 — 빠진 단계 확인","○ 좋음 (하는 일 "&$AZ28&"가지)")))) -> ○ 좋음 (하는 일 4가지) | AR28: =IF($L28="","",IF($BA28=0,"○ 다 채웠음","⚠ "&$BA28&"칸 비었음")) -> ⚠ 2칸 비었음 | AS28: =IF($L28="","",IF($BB28="","○ 문제 없음","⚠ "&LEFT($BB28,LEN($BB28)-3))) -> ○ 문제 없음 | AV28: =IF($L28="","",TRIM(RIGHT(SUBSTITUTE($AW28," ",REPT(" ",120)),120))) -> 취합한다 | AW28: =SUBSTITUTE($L28,CHAR(10)," ") -> 월간 주요 시장·경쟁사·고객 동향 정보를 취합한다 | AX28: =SUBSTITUTE($J28,CHAR(10)," ") -> 월간 MI리포트 작성 | AY28: =IF($L28="","",IF(SUMPRODUCT(--ISNUMBER(SEARCH({"조회","수집","추출","검색","파악","취합","조달","접수","연계","연동","선별","확보","입수","조사","식별","검출","감지","스크랩","필터링"},$AV28)))>0,"조회",IF(SUMPRODUCT(--ISNUMBER(SEARCH({"검토","검증","판정","판별","확인","승인","선정","대조","점검","분류","확정","평가","판단","심사","검수","비교","결정","구분","진단","판독","협의"},$AV28)))>0,"검증",IF(SUMPRODUCT(--ISNUMBER(SEARCH({"등록","발송","배포","제출","보고","이관","업로드","비치","공유","통보","알림","축적","저장","안내","제시","전달","회신","게시","기록","전파","제공","공지","요청","지시","배정","회부"},$AV28)))>0,"등록",IF(SUMPRODUCT(--ISNUMBER(SEARCH({"작성","생성","산출","제작","입력","정리","집계","분석","정형화","도출","보정","구성","정렬","반영","수립","설계","보완","요약","번역","정의","산정","갱신","수정","편성","설정","누적","가공","변환","시각화","편집","통합","부여","정제","기입","조정","제거","표시","채번"},$AV28)))>0,"작성","기타"))))) -> 조회 | AZ28: =IF($L28="","",(COUNTIFS($C$6:$C$62,$C28,$AY$6:$AY$62,"조회")>0)+(COUNTIFS($C$6:$C$62,$C28,$AY$6:$AY$62,"작성")>0)+(COUNTIFS($C$6:$C$62,$C28,$AY$6:$AY$62,"검증")>0)+(COUNTIFS($C$6:$C$62,$C28,$AY$6:$AY$62,"등록")>0)) -> 4 | BA28: =IF($L28="",0,IF($X28="신설",0,COUNTBLANK($N28)+COUNTBLANK($P28)+COUNTBLANK($Q28)+COUNTBLANK($R28)+IF($R28="건별/비정기",COUNTBLANK($T28),IF($R28="",0,COUNTBLANK($S28))))+IF($X28="삭제",0,COUNTBLANK($AC28)+COUNTBLANK($AD28))) -> 2 | BB28: =IF($L28="","",IF(AND($AX28<>"",ISNUMBER(SEARCH($AX28,$AW28))),"L5 이름을 그대로 씀 · ","")&IF(AND($L28<>"",$L28=$Z28),"개선 후 설명이 똑같음 · ","")&IF(COUNTIFS($C$6:$C$62,$C28,$L$6:$L$62,$L28)>1,"같은 내용이 또 있음 · ","")&IF(AND($U28<>"",$U28=$V28),"필요 자료와 산출물이 같음 · ","")&IF(AND($C28=$C5,$V5<>"",$U28<>"",ISERROR(SEARCH(SUBSTITUTE($V5,CHAR(10)," "),SUBSTITUTE($U28,CHAR(10)," "))),ISERROR(SEARCH(SUBSTITUTE($U28,CHAR(10)," "),SUBSTITUTE($V5,CHAR(10)," ")))),"앞 산출물과 이어지지 않음 · ","")&IF(SUMPRODUCT(--ISNUMBER(SEARCH({"관리한다","처리한다","수행한다","진행한다"},$AW28)))>0,"뭉뚱그린 동사 · ","")&IF(ISNUMBER(SEARCH("하고 ",$AW28)),"한 줄에 동작 2개 · ","")&IF(RIGHT($L28,2)<>"한다","~한다 로 안 끝남 · ","")&IF(AND($P28<>"",N($P28)>60),"1건 60분 넘음 — 더 쪼개세요 · ","")&IF(AND($AA28="AI",$AD28<>"",N($AD28)>0),"AI 혼자 하는데 사람 인원 있음 · ","")&IF(AND($AA28="AI+사람",$AD28<>"",N($AD28)=0),"사람이 확인한다는데 인원 0 · ","")&IF(AND($X28="유지",$Y28="AI"),"그대로 두는데 AI 를 쓴다고 함 · ","")&IF(AND($X28="신설",COUNT($P28,$Q28)>0),"새로 생기는 일인데 현재 공수가 있음 · ","")&IF(AND($X28="삭제",COUNT($AC28,$AD28)>0),"없애는 일인데 개선 후 공수가 있음 · ","")&IF(AND($X28<>"신설",N($AH28)>0,N($AI28)>N($AH28)),"개선 후가 지금보다 더 오래 걸림 · ","")) | BC28: =IFERROR(IF($L28="",0,1/$AP28),0) -> 0.2
B29: 24 | C29: 1.1.3.20.3 | D29: #4 | E29: 시큐리티 | F29: 마케팅 | G29: Market Intelligence | H29: MI 정보분석 및 시사점 도출 | I29: 조사 보고서 작성 | J29: 월간 MI리포트 작성 | K29: =IF($L29="","",$C29&"-"&TEXT(COUNTIFS($C$6:$C29,$C29),"00")) -> 1.1.3.20.3-02 | L29: 시장환경분석서의 주요 변동사항을 요약한다 | N29: 사람 | P29: 15 | Q29: 1 | R29: 주 | S29: 1 | T29: 0 | U29: 시장환경분석서, 월간 동향 취합본 | V29: 주요 변동사항 요약 | W29: offline(개인PC) | X29: 변경 | Y29: AI | Z29: 직전 분석서와 대비한 변동사항을 AI가 자동 추출해 요약한다 | AA29: AI | AE29: 시장환경분석서, 월간 동향 취합본 | AF29: 주요 변동사항 요약 | AG29: AI Agent DB | AH29: =IF(OR($Q29="",$Q29=0,$P29=""),0,ROUND($P29*$Q29*IFERROR(IF($R29="건별/비정기",$T29,VLOOKUP($R29,'04.코드표'!$K$5:$L$8,2,FALSE)*$S29),0)/60,1)) -> 13 | AI29: =IF(OR($AD29="",$AD29=0,$AC29=""),0,ROUND($AC29*$AD29*IFERROR(IF($R29="건별/비정기",$T29,VLOOKUP($R29,'04.코드표'!$K$5:$L$8,2,FALSE)*$S29),0)/60,1)) -> 0 | AJ29: =IF($L29="","",$AH29-$AI29) -> 13 | AK29: =IF($L29="","",ROUND($AJ29/'04.코드표'!$L$11,2)) -> 0.01 | AL29: 중 | AM29: 무엇이 달라졌는지 사람이 이전 문서와 비교해 찾아내야 한다 | AP29: =IF($L29="","",COUNTIFS($C$6:$C$62,$C29)) -> 5 | AQ29: =IF($L29="","",IF($AP29=1,"⚠ 1개뿐 — 더 쪼개세요",IF($AP29=2,"△ 2개뿐 — 빠진 단계 확인",IF($AZ29<=2,"△ 하는 일이 "&$AZ29&"가지뿐 — 빠진 단계 확인","○ 좋음 (하는 일 "&$AZ29&"가지)")))) -> ○ 좋음 (하는 일 4가지) | AR29: =IF($L29="","",IF($BA29=0,"○ 다 채웠음","⚠ "&$BA29&"칸 비었음")) -> ⚠ 2칸 비었음 | AS29: =IF($L29="","",IF($BB29="","○ 문제 없음","⚠ "&LEFT($BB29,LEN($BB29)-3))) -> ○ 문제 없음 | AV29: =IF($L29="","",TRIM(RIGHT(SUBSTITUTE($AW29," ",REPT(" ",120)),120))) -> 요약한다 | AW29: =SUBSTITUTE($L29,CHAR(10)," ") -> 시장환경분석서의 주요 변동사항을 요약한다 | AX29: =SUBSTITUTE($J29,CHAR(10)," ") -> 월간 MI리포트 작성 | AY29: =IF($L29="","",IF(SUMPRODUCT(--ISNUMBER(SEARCH({"조회","수집","추출","검색","파악","취합","조달","접수","연계","연동","선별","확보","입수","조사","식별","검출","감지","스크랩","필터링"},$AV29)))>0,"조회",IF(SUMPRODUCT(--ISNUMBER(SEARCH({"검토","검증","판정","판별","확인","승인","선정","대조","점검","분류","확정","평가","판단","심사","검수","비교","결정","구분","진단","판독","협의"},$AV29)))>0,"검증",IF(SUMPRODUCT(--ISNUMBER(SEARCH({"등록","발송","배포","제출","보고","이관","업로드","비치","공유","통보","알림","축적","저장","안내","제시","전달","회신","게시","기록","전파","제공","공지","요청","지시","배정","회부"},$AV29)))>0,"등록",IF(SUMPRODUCT(--ISNUMBER(SEARCH({"작성","생성","산출","제작","입력","정리","집계","분석","정형화","도출","보정","구성","정렬","반영","수립","설계","보완","요약","번역","정의","산정","갱신","수정","편성","설정","누적","가공","변환","시각화","편집","통합","부여","정제","기입","조정","제거","표시","채번"},$AV29)))>0,"작성","기타"))))) -> 작성 | AZ29: =IF($L29="","",(COUNTIFS($C$6:$C$62,$C29,$AY$6:$AY$62,"조회")>0)+(COUNTIFS($C$6:$C$62,$C29,$AY$6:$AY$62,"작성")>0)+(COUNTIFS($C$6:$C$62,$C29,$AY$6:$AY$62,"검증")>0)+(COUNTIFS($C$6:$C$62,$C29,$AY$6:$AY$62,"등록")>0)) -> 4 | BA29: =IF($L29="",0,IF($X29="신설",0,COUNTBLANK($N29)+COUNTBLANK($P29)+COUNTBLANK($Q29)+COUNTBLANK($R29)+IF($R29="건별/비정기",COUNTBLANK($T29),IF($R29="",0,COUNTBLANK($S29))))+IF($X29="삭제",0,COUNTBLANK($AC29)+COUNTBLANK($AD29))) -> 2 | BB29: =IF($L29="","",IF(AND($AX29<>"",ISNUMBER(SEARCH($AX29,$AW29))),"L5 이름을 그대로 씀 · ","")&IF(AND($L29<>"",$L29=$Z29),"개선 후 설명이 똑같음 · ","")&IF(COUNTIFS($C$6:$C$62,$C29,$L$6:$L$62,$L29)>1,"같은 내용이 또 있음 · ","")&IF(AND($U29<>"",$U29=$V29),"필요 자료와 산출물이 같음 · ","")&IF(AND($C29=$C5,$V5<>"",$U29<>"",ISERROR(SEARCH(SUBSTITUTE($V5,CHAR(10)," "),SUBSTITUTE($U29,CHAR(10)," "))),ISERROR(SEARCH(SUBSTITUTE($U29,CHAR(10)," "),SUBSTITUTE($V5,CHAR(10)," ")))),"앞 산출물과 이어지지 않음 · ","")&IF(SUMPRODUCT(--ISNUMBER(SEARCH({"관리한다","처리한다","수행한다","진행한다"},$AW29)))>0,"뭉뚱그린 동사 · ","")&IF(ISNUMBER(SEARCH("하고 ",$AW29)),"한 줄에 동작 2개 · ","")&IF(RIGHT($L29,2)<>"한다","~한다 로 안 끝남 · ","")&IF(AND($P29<>"",N($P29)>60),"1건 60분 넘음 — 더 쪼개세요 · ","")&IF(AND($AA29="AI",$AD29<>"",N($AD29)>0),"AI 혼자 하는데 사람 인원 있음 · ","")&IF(AND($AA29="AI+사람",$AD29<>"",N($AD29)=0),"사람이 확인한다는데 인원 0 · ","")&IF(AND($X29="유지",$Y29="AI"),"그대로 두는데 AI 를 쓴다고 함 · ","")&IF(AND($X29="신설",COUNT($P29,$Q29)>0),"새로 생기는 일인데 현재 공수가 있음 · ","")&IF(AND($X29="삭제",COUNT($AC29,$AD29)>0),"없애는 일인데 개선 후 공수가 있음 · ","")&IF(AND($X29<>"신설",N($AH29)>0,N($AI29)>N($AH29)),"개선 후가 지금보다 더 오래 걸림 · ","")) | BC29: =IFERROR(IF($L29="",0,1/$AP29),0) -> 0.2
B30: 25 | C30: 1.1.3.20.3 | D30: #4 | E30: 시큐리티 | F30: 마케팅 | G30: Market Intelligence | H30: MI 정보분석 및 시사점 도출 | I30: 조사 보고서 작성 | J30: 월간 MI리포트 작성 | K30: =IF($L30="","",$C30&"-"&TEXT(COUNTIFS($C$6:$C30,$C30),"00")) -> 1.1.3.20.3-03 | L30: 취합·요약 내용을 리포트 형식으로 편집한다 | N30: 사람 | P30: 120 | Q30: 1 | R30: 월 | S30: 1 | T30: 0 | U30: 월간 동향 취합본, 주요 변동사항 요약 | V30: 월간 MI리포트 초안 | W30: offline(개인PC) | X30: 변경 | Y30: AI | Z30: 표준 리포트 양식에 맞춰 초안이 자동 편집되어 생성된다 | AA30: AI | AE30: 월간 동향 취합본, 주요 변동사항 요약 | AF30: 월간 MI리포트 초안 | AG30: AI Agent DB | AH30: =IF(OR($Q30="",$Q30=0,$P30=""),0,ROUND($P30*$Q30*IFERROR(IF($R30="건별/비정기",$T30,VLOOKUP($R30,'04.코드표'!$K$5:$L$8,2,FALSE)*$S30),0)/60,1)) -> 24 | AI30: =IF(OR($AD30="",$AD30=0,$AC30=""),0,ROUND($AC30*$AD30*IFERROR(IF($R30="건별/비정기",$T30,VLOOKUP($R30,'04.코드표'!$K$5:$L$8,2,FALSE)*$S30),0)/60,1)) -> 0 | AJ30: =IF($L30="","",$AH30-$AI30) -> 24 | AK30: =IF($L30="","",ROUND($AJ30/'04.코드표'!$L$11,2)) -> 0.01 | AL30: 하 | AM30: 편집·서식 맞추기에 분석가 시간이 소모된다 | AP30: =IF($L30="","",COUNTIFS($C$6:$C$62,$C30)) -> 5 | AQ30: =IF($L30="","",IF($AP30=1,"⚠ 1개뿐 — 더 쪼개세요",IF($AP30=2,"△ 2개뿐 — 빠진 단계 확인",IF($AZ30<=2,"△ 하는 일이 "&$AZ30&"가지뿐 — 빠진 단계 확인","○ 좋음 (하는 일 "&$AZ30&"가지)")))) -> ○ 좋음 (하는 일 4가지) | AR30: =IF($L30="","",IF($BA30=0,"○ 다 채웠음","⚠ "&$BA30&"칸 비었음")) -> ⚠ 2칸 비었음 | AS30: =IF($L30="","",IF($BB30="","○ 문제 없음","⚠ "&LEFT($BB30,LEN($BB30)-3))) -> ⚠ 1건 60분 넘음 — 더 쪼개세요 | AV30: =IF($L30="","",TRIM(RIGHT(SUBSTITUTE($AW30," ",REPT(" ",120)),120))) -> 편집한다 | AW30: =SUBSTITUTE($L30,CHAR(10)," ") -> 취합·요약 내용을 리포트 형식으로 편집한다 | AX30: =SUBSTITUTE($J30,CHAR(10)," ") -> 월간 MI리포트 작성 | AY30: =IF($L30="","",IF(SUMPRODUCT(--ISNUMBER(SEARCH({"조회","수집","추출","검색","파악","취합","조달","접수","연계","연동","선별","확보","입수","조사","식별","검출","감지","스크랩","필터링"},$AV30)))>0,"조회",IF(SUMPRODUCT(--ISNUMBER(SEARCH({"검토","검증","판정","판별","확인","승인","선정","대조","점검","분류","확정","평가","판단","심사","검수","비교","결정","구분","진단","판독","협의"},$AV30)))>0,"검증",IF(SUMPRODUCT(--ISNUMBER(SEARCH({"등록","발송","배포","제출","보고","이관","업로드","비치","공유","통보","알림","축적","저장","안내","제시","전달","회신","게시","기록","전파","제공","공지","요청","지시","배정","회부"},$AV30)))>0,"등록",IF(SUMPRODUCT(--ISNUMBER(SEARCH({"작성","생성","산출","제작","입력","정리","집계","분석","정형화","도출","보정","구성","정렬","반영","수립","설계","보완","요약","번역","정의","산정","갱신","수정","편성","설정","누적","가공","변환","시각화","편집","통합","부여","정제","기입","조정","제거","표시","채번"},$AV30)))>0,"작성","기타"))))) -> 작성 | AZ30: =IF($L30="","",(COUNTIFS($C$6:$C$62,$C30,$AY$6:$AY$62,"조회")>0)+(COUNTIFS($C$6:$C$62,$C30,$AY$6:$AY$62,"작성")>0)+(COUNTIFS($C$6:$C$62,$C30,$AY$6:$AY$62,"검증")>0)+(COUNTIFS($C$6:$C$62,$C30,$AY$6:$AY$62,"등록")>0)) -> 4 | BA30: =IF($L30="",0,IF($X30="신설",0,COUNTBLANK($N30)+COUNTBLANK($P30)+COUNTBLANK($Q30)+COUNTBLANK($R30)+IF($R30="건별/비정기",COUNTBLANK($T30),IF($R30="",0,COUNTBLANK($S30))))+IF($X30="삭제",0,COUNTBLANK($AC30)+COUNTBLANK($AD30))) -> 2 | BB30: =IF($L30="","",IF(AND($AX30<>"",ISNUMBER(SEARCH($AX30,$AW30))),"L5 이름을 그대로 씀 · ","")&IF(AND($L30<>"",$L30=$Z30),"개선 후 설명이 똑같음 · ","")&IF(COUNTIFS($C$6:$C$62,$C30,$L$6:$L$62,$L30)>1,"같은 내용이 또 있음 · ","")&IF(AND($U30<>"",$U30=$V30),"필요 자료와 산출물이 같음 · ","")&IF(AND($C30=$C5,$V5<>"",$U30<>"",ISERROR(SEARCH(SUBSTITUTE($V5,CHAR(10)," "),SUBSTITUTE($U30,CHAR(10)," "))),ISERROR(SEARCH(SUBSTITUTE($U30,CHAR(10)," "),SUBSTITUTE($V5,CHAR(10)," ")))),"앞 산출물과 이어지지 않음 · ","")&IF(SUMPRODUCT(--ISNUMBER(SEARCH({"관리한다","처리한다","수행한다","진행한다"},$AW30)))>0,"뭉뚱그린 동사 · ","")&IF(ISNUMBER(SEARCH("하고 ",$AW30)),"한 줄에 동작 2개 · ","")&IF(RIGHT($L30,2)<>"한다","~한다 로 안 끝남 · ","")&IF(AND($P30<>"",N($P30)>60),"1건 60분 넘음 — 더 쪼개세요 · ","")&IF(AND($AA30="AI",$AD30<>"",N($AD30)>0),"AI 혼자 하는데 사람 인원 있음 · ","")&IF(AND($AA30="AI+사람",$AD30<>"",N($AD30)=0),"사람이 확인한다는데 인원 0 · ","")&IF(AND($X30="유지",$Y30="AI"),"그대로 두는데 AI 를 쓴다고 함 · ","")&IF(AND($X30="신설",COUNT($P30,$Q30)>0),"새로 생기는 일인데 현재 공수가 있음 · ","")&IF(AND($X30="삭제",COUNT($AC30,$AD30)>0),"없애는 일인데 개선 후 공수가 있음 · ","")&IF(AND($X30<>"신설",N($AH30)>0,N($AI30)>N($AH30)),"개선 후가 지금보다 더 오래 걸림 · ","")) -> 1건 60분 넘음 — 더 쪼개세요 · | BC30: =IFERROR(IF($L30="",0,1/$AP30),0) -> 0.2
B31: 26 | C31: 1.1.3.20.3 | D31: #4 | E31: 시큐리티 | F31: 마케팅 | G31: Market Intelligence | H31: MI 정보분석 및 시사점 도출 | I31: 조사 보고서 작성 | J31: 월간 MI리포트 작성 | K31: =IF($L31="","",$C31&"-"&TEXT(COUNTIFS($C$6:$C31,$C31),"00")) -> 1.1.3.20.3-04 | L31: 리포트 내용의 근거를 최종 검토하여 확정한다 | M31: 리포트에 담긴 시사점이 채택된 근거와 일치하는지 여부 | N31: 사람 | P31: 60 | Q31: 2 | R31: 월 | S31: 1 | T31: 0 | U31: 월간 MI리포트 초안, 암묵지 구조화 기록 | V31: 확정 월간 MI리포트 | W31: offline(개인PC) | X31: 변경 | Y31: AI | Z31: 근거 기록과 대조한 검토를 거쳐 사람이 최종 확정한다 | AA31: 사람 | AE31: 월간 MI리포트 초안, 암묵지 구조화 기록 | AF31: 확정 월간 MI리포트 | AG31: AI Agent DB | AH31: =IF(OR($Q31="",$Q31=0,$P31=""),0,ROUND($P31*$Q31*IFERROR(IF($R31="건별/비정기",$T31,VLOOKUP($R31,'04.코드표'!$K$5:$L$8,2,FALSE)*$S31),0)/60,1)) -> 24 | AI31: =IF(OR($AD31="",$AD31=0,$AC31=""),0,ROUND($AC31*$AD31*IFERROR(IF($R31="건별/비정기",$T31,VLOOKUP($R31,'04.코드표'!$K$5:$L$8,2,FALSE)*$S31),0)/60,1)) -> 0 | AJ31: =IF($L31="","",$AH31-$AI31) -> 24 | AK31: =IF($L31="","",ROUND($AJ31/'04.코드표'!$L$11,2)) -> 0.01 | AL31: 상 | AM31: 근거를 되짚어 볼 기록이 없어 검토가 형식적으로 흐른다 | AP31: =IF($L31="","",COUNTIFS($C$6:$C$62,$C31)) -> 5 | AQ31: =IF($L31="","",IF($AP31=1,"⚠ 1개뿐 — 더 쪼개세요",IF($AP31=2,"△ 2개뿐 — 빠진 단계 확인",IF($AZ31<=2,"△ 하는 일이 "&$AZ31&"가지뿐 — 빠진 단계 확인","○ 좋음 (하는 일 "&$AZ31&"가지)")))) -> ○ 좋음 (하는 일 4가지) | AR31: =IF($L31="","",IF($BA31=0,"○ 다 채웠음","⚠ "&$BA31&"칸 비었음")) -> ⚠ 2칸 비었음 | AS31: =IF($L31="","",IF($BB31="","○ 문제 없음","⚠ "&LEFT($BB31,LEN($BB31)-3))) -> ○ 문제 없음 | AV31: =IF($L31="","",TRIM(RIGHT(SUBSTITUTE($AW31," ",REPT(" ",120)),120))) -> 확정한다 | AW31: =SUBSTITUTE($L31,CHAR(10)," ") -> 리포트 내용의 근거를 최종 검토하여 확정한다 | AX31: =SUBSTITUTE($J31,CHAR(10)," ") -> 월간 MI리포트 작성 | AY31: =IF($L31="","",IF(SUMPRODUCT(--ISNUMBER(SEARCH({"조회","수집","추출","검색","파악","취합","조달","접수","연계","연동","선별","확보","입수","조사","식별","검출","감지","스크랩","필터링"},$AV31)))>0,"조회",IF(SUMPRODUCT(--ISNUMBER(SEARCH({"검토","검증","판정","판별","확인","승인","선정","대조","점검","분류","확정","평가","판단","심사","검수","비교","결정","구분","진단","판독","협의"},$AV31)))>0,"검증",IF(SUMPRODUCT(--ISNUMBER(SEARCH({"등록","발송","배포","제출","보고","이관","업로드","비치","공유","통보","알림","축적","저장","안내","제시","전달","회신","게시","기록","전파","제공","공지","요청","지시","배정","회부"},$AV31)))>0,"등록",IF(SUMPRODUCT(--ISNUMBER(SEARCH({"작성","생성","산출","제작","입력","정리","집계","분석","정형화","도출","보정","구성","정렬","반영","수립","설계","보완","요약","번역","정의","산정","갱신","수정","편성","설정","누적","가공","변환","시각화","편집","통합","부여","정제","기입","조정","제거","표시","채번"},$AV31)))>0,"작성","기타"))))) -> 검증 | AZ31: =IF($L31="","",(COUNTIFS($C$6:$C$62,$C31,$AY$6:$AY$62,"조회")>0)+(COUNTIFS($C$6:$C$62,$C31,$AY$6:$AY$62,"작성")>0)+(COUNTIFS($C$6:$C$62,$C31,$AY$6:$AY$62,"검증")>0)+(COUNTIFS($C$6:$C$62,$C31,$AY$6:$AY$62,"등록")>0)) -> 4 | BA31: =IF($L31="",0,IF($X31="신설",0,COUNTBLANK($N31)+COUNTBLANK($P31)+COUNTBLANK($Q31)+COUNTBLANK($R31)+IF($R31="건별/비정기",COUNTBLANK($T31),IF($R31="",0,COUNTBLANK($S31))))+IF($X31="삭제",0,COUNTBLANK($AC31)+COUNTBLANK($AD31))) -> 2 | BB31: =IF($L31="","",IF(AND($AX31<>"",ISNUMBER(SEARCH($AX31,$AW31))),"L5 이름을 그대로 씀 · ","")&IF(AND($L31<>"",$L31=$Z31),"개선 후 설명이 똑같음 · ","")&IF(COUNTIFS($C$6:$C$62,$C31,$L$6:$L$62,$L31)>1,"같은 내용이 또 있음 · ","")&IF(AND($U31<>"",$U31=$V31),"필요 자료와 산출물이 같음 · ","")&IF(AND($C31=$C5,$V5<>"",$U31<>"",ISERROR(SEARCH(SUBSTITUTE($V5,CHAR(10)," "),SUBSTITUTE($U31,CHAR(10)," "))),ISERROR(SEARCH(SUBSTITUTE($U31,CHAR(10)," "),SUBSTITUTE($V5,CHAR(10)," ")))),"앞 산출물과 이어지지 않음 · ","")&IF(SUMPRODUCT(--ISNUMBER(SEARCH({"관리한다","처리한다","수행한다","진행한다"},$AW31)))>0,"뭉뚱그린 동사 · ","")&IF(ISNUMBER(SEARCH("하고 ",$AW31)),"한 줄에 동작 2개 · ","")&IF(RIGHT($L31,2)<>"한다","~한다 로 안 끝남 · ","")&IF(AND($P31<>"",N($P31)>60),"1건 60분 넘음 — 더 쪼개세요 · ","")&IF(AND($AA31="AI",$AD31<>"",N($AD31)>0),"AI 혼자 하는데 사람 인원 있음 · ","")&IF(AND($AA31="AI+사람",$AD31<>"",N($AD31)=0),"사람이 확인한다는데 인원 0 · ","")&IF(AND($X31="유지",$Y31="AI"),"그대로 두는데 AI 를 쓴다고 함 · ","")&IF(AND($X31="신설",COUNT($P31,$Q31)>0),"새로 생기는 일인데 현재 공수가 있음 · ","")&IF(AND($X31="삭제",COUNT($AC31,$AD31)>0),"없애는 일인데 개선 후 공수가 있음 · ","")&IF(AND($X31<>"신설",N($AH31)>0,N($AI31)>N($AH31)),"개선 후가 지금보다 더 오래 걸림 · ","")) | BC31: =IFERROR(IF($L31="",0,1/$AP31),0) -> 0.2
B32: 27 | C32: 1.1.3.20.3 | D32: #4 | E32: 시큐리티 | F32: 마케팅 | G32: Market Intelligence | H32: MI 정보분석 및 시사점 도출 | I32: 조사 보고서 작성 | J32: 월간 MI리포트 작성 | K32: =IF($L32="","",$C32&"-"&TEXT(COUNTIFS($C$6:$C32,$C32),"00")) -> 1.1.3.20.3-05 | L32: 확정된 월간 MI리포트를 관련 조직에 발송한다 | N32: 사람 | P32: 15 | Q32: 1 | R32: 월 | S32: 1 | T32: 0 | U32: 확정 월간 MI리포트 | V32: 발송된 월간 MI리포트 | W32: Knox(메일) | X32: 변경 | Y32: AI | Z32: 확정 리포트가 배포 대상에게 자동 발송되고 공유 이력이 기록된다 | AA32: 시스템 | AE32: 확정 월간 MI리포트 | AF32: 발송된 월간 MI리포트 | AG32: Knox(메일) | AH32: =IF(OR($Q32="",$Q32=0,$P32=""),0,ROUND($P32*$Q32*IFERROR(IF($R32="건별/비정기",$T32,VLOOKUP($R32,'04.코드표'!$K$5:$L$8,2,FALSE)*$S32),0)/60,1)) -> 3 | AI32: =IF(OR($AD32="",$AD32=0,$AC32=""),0,ROUND($AC32*$AD32*IFERROR(IF($R32="건별/비정기",$T32,VLOOKUP($R32,'04.코드표'!$K$5:$L$8,2,FALSE)*$S32),0)/60,1)) -> 0 | AJ32: =IF($L32="","",$AH32-$AI32) -> 3 | AK32: =IF($L32="","",ROUND($AJ32/'04.코드표'!$L$11,2)) -> 0 | AL32: 하 | AM32: 발송 대상 관리와 배포를 매번 수작업으로 처리한다 | AP32: =IF($L32="","",COUNTIFS($C$6:$C$62,$C32)) -> 5 | AQ32: =IF($L32="","",IF($AP32=1,"⚠ 1개뿐 — 더 쪼개세요",IF($AP32=2,"△ 2개뿐 — 빠진 단계 확인",IF($AZ32<=2,"△ 하는 일이 "&$AZ32&"가지뿐 — 빠진 단계 확인","○ 좋음 (하는 일 "&$AZ32&"가지)")))) -> ○ 좋음 (하는 일 4가지) | AR32: =IF($L32="","",IF($BA32=0,"○ 다 채웠음","⚠ "&$BA32&"칸 비었음")) -> ⚠ 2칸 비었음 | AS32: =IF($L32="","",IF($BB32="","○ 문제 없음","⚠ "&LEFT($BB32,LEN($BB32)-3))) -> ○ 문제 없음 | AV32: =IF($L32="","",TRIM(RIGHT(SUBSTITUTE($AW32," ",REPT(" ",120)),120))) -> 발송한다 | AW32: =SUBSTITUTE($L32,CHAR(10)," ") -> 확정된 월간 MI리포트를 관련 조직에 발송한다 | AX32: =SUBSTITUTE($J32,CHAR(10)," ") -> 월간 MI리포트 작성 | AY32: =IF($L32="","",IF(SUMPRODUCT(--ISNUMBER(SEARCH({"조회","수집","추출","검색","파악","취합","조달","접수","연계","연동","선별","확보","입수","조사","식별","검출","감지","스크랩","필터링"},$AV32)))>0,"조회",IF(SUMPRODUCT(--ISNUMBER(SEARCH({"검토","검증","판정","판별","확인","승인","선정","대조","점검","분류","확정","평가","판단","심사","검수","비교","결정","구분","진단","판독","협의"},$AV32)))>0,"검증",IF(SUMPRODUCT(--ISNUMBER(SEARCH({"등록","발송","배포","제출","보고","이관","업로드","비치","공유","통보","알림","축적","저장","안내","제시","전달","회신","게시","기록","전파","제공","공지","요청","지시","배정","회부"},$AV32)))>0,"등록",IF(SUMPRODUCT(--ISNUMBER(SEARCH({"작성","생성","산출","제작","입력","정리","집계","분석","정형화","도출","보정","구성","정렬","반영","수립","설계","보완","요약","번역","정의","산정","갱신","수정","편성","설정","누적","가공","변환","시각화","편집","통합","부여","정제","기입","조정","제거","표시","채번"},$AV32)))>0,"작성","기타"))))) -> 등록 | AZ32: =IF($L32="","",(COUNTIFS($C$6:$C$62,$C32,$AY$6:$AY$62,"조회")>0)+(COUNTIFS($C$6:$C$62,$C32,$AY$6:$AY$62,"작성")>0)+(COUNTIFS($C$6:$C$62,$C32,$AY$6:$AY$62,"검증")>0)+(COUNTIFS($C$6:$C$62,$C32,$AY$6:$AY$62,"등록")>0)) -> 4 | BA32: =IF($L32="",0,IF($X32="신설",0,COUNTBLANK($N32)+COUNTBLANK($P32)+COUNTBLANK($Q32)+COUNTBLANK($R32)+IF($R32="건별/비정기",COUNTBLANK($T32),IF($R32="",0,COUNTBLANK($S32))))+IF($X32="삭제",0,COUNTBLANK($AC32)+COUNTBLANK($AD32))) -> 2 | BB32: =IF($L32="","",IF(AND($AX32<>"",ISNUMBER(SEARCH($AX32,$AW32))),"L5 이름을 그대로 씀 · ","")&IF(AND($L32<>"",$L32=$Z32),"개선 후 설명이 똑같음 · ","")&IF(COUNTIFS($C$6:$C$62,$C32,$L$6:$L$62,$L32)>1,"같은 내용이 또 있음 · ","")&IF(AND($U32<>"",$U32=$V32),"필요 자료와 산출물이 같음 · ","")&IF(AND($C32=$C5,$V5<>"",$U32<>"",ISERROR(SEARCH(SUBSTITUTE($V5,CHAR(10)," "),SUBSTITUTE($U32,CHAR(10)," "))),ISERROR(SEARCH(SUBSTITUTE($U32,CHAR(10)," "),SUBSTITUTE($V5,CHAR(10)," ")))),"앞 산출물과 이어지지 않음 · ","")&IF(SUMPRODUCT(--ISNUMBER(SEARCH({"관리한다","처리한다","수행한다","진행한다"},$AW32)))>0,"뭉뚱그린 동사 · ","")&IF(ISNUMBER(SEARCH("하고 ",$AW32)),"한 줄에 동작 2개 · ","")&IF(RIGHT($L32,2)<>"한다","~한다 로 안 끝남 · ","")&IF(AND($P32<>"",N($P32)>60),"1건 60분 넘음 — 더 쪼개세요 · ","")&IF(AND($AA32="AI",$AD32<>"",N($AD32)>0),"AI 혼자 하는데 사람 인원 있음 · ","")&IF(AND($AA32="AI+사람",$AD32<>"",N($AD32)=0),"사람이 확인한다는데 인원 0 · ","")&IF(AND($X32="유지",$Y32="AI"),"그대로 두는데 AI 를 쓴다고 함 · ","")&IF(AND($X32="신설",COUNT($P32,$Q32)>0),"새로 생기는 일인데 현재 공수가 있음 · ","")&IF(AND($X32="삭제",COUNT($AC32,$AD32)>0),"없애는 일인데 개선 후 공수가 있음 · ","")&IF(AND($X32<>"신설",N($AH32)>0,N($AI32)>N($AH32)),"개선 후가 지금보다 더 오래 걸림 · ","")) | BC32: =IFERROR(IF($L32="",0,1/$AP32),0) -> 0.2
K33: =IF($L33="","",$C33&"-"&TEXT(COUNTIFS($C$6:$C33,$C33),"00")) | AH33: =IF(OR($Q33="",$Q33=0,$P33=""),0,ROUND($P33*$Q33*IFERROR(IF($R33="건별/비정기",$T33,VLOOKUP($R33,'04.코드표'!$K$5:$L$8,2,FALSE)*$S33),0)/60,1)) -> 0 | AI33: =IF(OR($AD33="",$AD33=0,$AC33=""),0,ROUND($AC33*$AD33*IFERROR(IF($R33="건별/비정기",$T33,VLOOKUP($R33,'04.코드표'!$K$5:$L$8,2,FALSE)*$S33),0)/60,1)) -> 0 | AJ33: =IF($L33="","",$AH33-$AI33) | AK33: =IF($L33="","",ROUND($AJ33/'04.코드표'!$L$11,2)) | AP33: =IF($L33="","",COUNTIFS($C$6:$C$62,$C33)) | AQ33: =IF($L33="","",IF($AP33=1,"⚠ 1개뿐 — 더 쪼개세요",IF($AP33=2,"△ 2개뿐 — 빠진 단계 확인",IF($AZ33<=2,"△ 하는 일이 "&$AZ33&"가지뿐 — 빠진 단계 확인","○ 좋음 (하는 일 "&$AZ33&"가지)")))) | AR33: =IF($L33="","",IF($BA33=0,"○ 다 채웠음","⚠ "&$BA33&"칸 비었음")) | AS33: =IF($L33="","",IF($BB33="","○ 문제 없음","⚠ "&LEFT($BB33,LEN($BB33)-3))) | AV33: =IF($L33="","",TRIM(RIGHT(SUBSTITUTE($AW33," ",REPT(" ",120)),120))) | AW33: =SUBSTITUTE($L33,CHAR(10)," ") | AX33: =SUBSTITUTE($J33,CHAR(10)," ") | AY33: =IF($L33="","",IF(SUMPRODUCT(--ISNUMBER(SEARCH({"조회","수집","추출","검색","파악","취합","조달","접수","연계","연동","선별","확보","입수","조사","식별","검출","감지","스크랩","필터링"},$AV33)))>0,"조회",IF(SUMPRODUCT(--ISNUMBER(SEARCH({"검토","검증","판정","판별","확인","승인","선정","대조","점검","분류","확정","평가","판단","심사","검수","비교","결정","구분","진단","판독","협의"},$AV33)))>0,"검증",IF(SUMPRODUCT(--ISNUMBER(SEARCH({"등록","발송","배포","제출","보고","이관","업로드","비치","공유","통보","알림","축적","저장","안내","제시","전달","회신","게시","기록","전파","제공","공지","요청","지시","배정","회부"},$AV33)))>0,"등록",IF(SUMPRODUCT(--ISNUMBER(SEARCH({"작성","생성","산출","제작","입력","정리","집계","분석","정형화","도출","보정","구성","정렬","반영","수립","설계","보완","요약","번역","정의","산정","갱신","수정","편성","설정","누적","가공","변환","시각화","편집","통합","부여","정제","기입","조정","제거","표시","채번"},$AV33)))>0,"작성","기타"))))) | AZ33: =IF($L33="","",(COUNTIFS($C$6:$C$62,$C33,$AY$6:$AY$62,"조회")>0)+(COUNTIFS($C$6:$C$62,$C33,$AY$6:$AY$62,"작성")>0)+(COUNTIFS($C$6:$C$62,$C33,$AY$6:$AY$62,"검증")>0)+(COUNTIFS($C$6:$C$62,$C33,$AY$6:$AY$62,"등록")>0)) | BA33: =IF($L33="",0,IF($X33="신설",0,COUNTBLANK($N33)+COUNTBLANK($P33)+COUNTBLANK($Q33)+COUNTBLANK($R33)+IF($R33="건별/비정기",COUNTBLANK($T33),IF($R33="",0,COUNTBLANK($S33))))+IF($X33="삭제",0,COUNTBLANK($AC33)+COUNTBLANK($AD33))) -> 0 | BB33: =IF($L33="","",IF(AND($AX33<>"",ISNUMBER(SEARCH($AX33,$AW33))),"L5 이름을 그대로 씀 · ","")&IF(AND($L33<>"",$L33=$Z33),"개선 후 설명이 똑같음 · ","")&IF(COUNTIFS($C$6:$C$62,$C33,$L$6:$L$62,$L33)>1,"같은 내용이 또 있음 · ","")&IF(AND($U33<>"",$U33=$V33),"필요 자료와 산출물이 같음 · ","")&IF(AND($C33=$C5,$V5<>"",$U33<>"",ISERROR(SEARCH(SUBSTITUTE($V5,CHAR(10)," "),SUBSTITUTE($U33,CHAR(10)," "))),ISERROR(SEARCH(SUBSTITUTE($U33,CHAR(10)," "),SUBSTITUTE($V5,CHAR(10)," ")))),"앞 산출물과 이어지지 않음 · ","")&IF(SUMPRODUCT(--ISNUMBER(SEARCH({"관리한다","처리한다","수행한다","진행한다"},$AW33)))>0,"뭉뚱그린 동사 · ","")&IF(ISNUMBER(SEARCH("하고 ",$AW33)),"한 줄에 동작 2개 · ","")&IF(RIGHT($L33,2)<>"한다","~한다 로 안 끝남 · ","")&IF(AND($P33<>"",N($P33)>60),"1건 60분 넘음 — 더 쪼개세요 · ","")&IF(AND($AA33="AI",$AD33<>"",N($AD33)>0),"AI 혼자 하는데 사람 인원 있음 · ","")&IF(AND($AA33="AI+사람",$AD33<>"",N($AD33)=0),"사람이 확인한다는데 인원 0 · ","")&IF(AND($X33="유지",$Y33="AI"),"그대로 두는데 AI 를 쓴다고 함 · ","")&IF(AND($X33="신설",COUNT($P33,$Q33)>0),"새로 생기는 일인데 현재 공수가 있음 · ","")&IF(AND($X33="삭제",COUNT($AC33,$AD33)>0),"없애는 일인데 개선 후 공수가 있음 · ","")&IF(AND($X33<>"신설",N($AH33)>0,N($AI33)>N($AH33)),"개선 후가 지금보다 더 오래 걸림 · ","")) | BC33: =IFERROR(IF($L33="",0,1/$AP33),0) -> 0
K34: =IF($L34="","",$C34&"-"&TEXT(COUNTIFS($C$6:$C34,$C34),"00")) | AH34: =IF(OR($Q34="",$Q34=0,$P34=""),0,ROUND($P34*$Q34*IFERROR(IF($R34="건별/비정기",$T34,VLOOKUP($R34,'04.코드표'!$K$5:$L$8,2,FALSE)*$S34),0)/60,1)) -> 0 | AI34: =IF(OR($AD34="",$AD34=0,$AC34=""),0,ROUND($AC34*$AD34*IFERROR(IF($R34="건별/비정기",$T34,VLOOKUP($R34,'04.코드표'!$K$5:$L$8,2,FALSE)*$S34),0)/60,1)) -> 0 | AJ34: =IF($L34="","",$AH34-$AI34) | AK34: =IF($L34="","",ROUND($AJ34/'04.코드표'!$L$11,2)) | AP34: =IF($L34="","",COUNTIFS($C$6:$C$62,$C34)) | AQ34: =IF($L34="","",IF($AP34=1,"⚠ 1개뿐 — 더 쪼개세요",IF($AP34=2,"△ 2개뿐 — 빠진 단계 확인",IF($AZ34<=2,"△ 하는 일이 "&$AZ34&"가지뿐 — 빠진 단계 확인","○ 좋음 (하는 일 "&$AZ34&"가지)")))) | AR34: =IF($L34="","",IF($BA34=0,"○ 다 채웠음","⚠ "&$BA34&"칸 비었음")) | AS34: =IF($L34="","",IF($BB34="","○ 문제 없음","⚠ "&LEFT($BB34,LEN($BB34)-3))) | AV34: =IF($L34="","",TRIM(RIGHT(SUBSTITUTE($AW34," ",REPT(" ",120)),120))) | AW34: =SUBSTITUTE($L34,CHAR(10)," ") | AX34: =SUBSTITUTE($J34,CHAR(10)," ") | AY34: =IF($L34="","",IF(SUMPRODUCT(--ISNUMBER(SEARCH({"조회","수집","추출","검색","파악","취합","조달","접수","연계","연동","선별","확보","입수","조사","식별","검출","감지","스크랩","필터링"},$AV34)))>0,"조회",IF(SUMPRODUCT(--ISNUMBER(SEARCH({"검토","검증","판정","판별","확인","승인","선정","대조","점검","분류","확정","평가","판단","심사","검수","비교","결정","구분","진단","판독","협의"},$AV34)))>0,"검증",IF(SUMPRODUCT(--ISNUMBER(SEARCH({"등록","발송","배포","제출","보고","이관","업로드","비치","공유","통보","알림","축적","저장","안내","제시","전달","회신","게시","기록","전파","제공","공지","요청","지시","배정","회부"},$AV34)))>0,"등록",IF(SUMPRODUCT(--ISNUMBER(SEARCH({"작성","생성","산출","제작","입력","정리","집계","분석","정형화","도출","보정","구성","정렬","반영","수립","설계","보완","요약","번역","정의","산정","갱신","수정","편성","설정","누적","가공","변환","시각화","편집","통합","부여","정제","기입","조정","제거","표시","채번"},$AV34)))>0,"작성","기타"))))) | AZ34: =IF($L34="","",(COUNTIFS($C$6:$C$62,$C34,$AY$6:$AY$62,"조회")>0)+(COUNTIFS($C$6:$C$62,$C34,$AY$6:$AY$62,"작성")>0)+(COUNTIFS($C$6:$C$62,$C34,$AY$6:$AY$62,"검증")>0)+(COUNTIFS($C$6:$C$62,$C34,$AY$6:$AY$62,"등록")>0)) | BA34: =IF($L34="",0,IF($X34="신설",0,COUNTBLANK($N34)+COUNTBLANK($P34)+COUNTBLANK($Q34)+COUNTBLANK($R34)+IF($R34="건별/비정기",COUNTBLANK($T34),IF($R34="",0,COUNTBLANK($S34))))+IF($X34="삭제",0,COUNTBLANK($AC34)+COUNTBLANK($AD34))) -> 0 | BB34: =IF($L34="","",IF(AND($AX34<>"",ISNUMBER(SEARCH($AX34,$AW34))),"L5 이름을 그대로 씀 · ","")&IF(AND($L34<>"",$L34=$Z34),"개선 후 설명이 똑같음 · ","")&IF(COUNTIFS($C$6:$C$62,$C34,$L$6:$L$62,$L34)>1,"같은 내용이 또 있음 · ","")&IF(AND($U34<>"",$U34=$V34),"필요 자료와 산출물이 같음 · ","")&IF(AND($C34=$C5,$V5<>"",$U34<>"",ISERROR(SEARCH(SUBSTITUTE($V5,CHAR(10)," "),SUBSTITUTE($U34,CHAR(10)," "))),ISERROR(SEARCH(SUBSTITUTE($U34,CHAR(10)," "),SUBSTITUTE($V5,CHAR(10)," ")))),"앞 산출물과 이어지지 않음 · ","")&IF(SUMPRODUCT(--ISNUMBER(SEARCH({"관리한다","처리한다","수행한다","진행한다"},$AW34)))>0,"뭉뚱그린 동사 · ","")&IF(ISNUMBER(SEARCH("하고 ",$AW34)),"한 줄에 동작 2개 · ","")&IF(RIGHT($L34,2)<>"한다","~한다 로 안 끝남 · ","")&IF(AND($P34<>"",N($P34)>60),"1건 60분 넘음 — 더 쪼개세요 · ","")&IF(AND($AA34="AI",$AD34<>"",N($AD34)>0),"AI 혼자 하는데 사람 인원 있음 · ","")&IF(AND($AA34="AI+사람",$AD34<>"",N($AD34)=0),"사람이 확인한다는데 인원 0 · ","")&IF(AND($X34="유지",$Y34="AI"),"그대로 두는데 AI 를 쓴다고 함 · ","")&IF(AND($X34="신설",COUNT($P34,$Q34)>0),"새로 생기는 일인데 현재 공수가 있음 · ","")&IF(AND($X34="삭제",COUNT($AC34,$AD34)>0),"없애는 일인데 개선 후 공수가 있음 · ","")&IF(AND($X34<>"신설",N($AH34)>0,N($AI34)>N($AH34)),"개선 후가 지금보다 더 오래 걸림 · ","")) | BC34: =IFERROR(IF($L34="",0,1/$AP34),0) -> 0
K35: =IF($L35="","",$C35&"-"&TEXT(COUNTIFS($C$6:$C35,$C35),"00")) | AH35: =IF(OR($Q35="",$Q35=0,$P35=""),0,ROUND($P35*$Q35*IFERROR(IF($R35="건별/비정기",$T35,VLOOKUP($R35,'04.코드표'!$K$5:$L$8,2,FALSE)*$S35),0)/60,1)) -> 0 | AI35: =IF(OR($AD35="",$AD35=0,$AC35=""),0,ROUND($AC35*$AD35*IFERROR(IF($R35="건별/비정기",$T35,VLOOKUP($R35,'04.코드표'!$K$5:$L$8,2,FALSE)*$S35),0)/60,1)) -> 0 | AJ35: =IF($L35="","",$AH35-$AI35) | AK35: =IF($L35="","",ROUND($AJ35/'04.코드표'!$L$11,2)) | AP35: =IF($L35="","",COUNTIFS($C$6:$C$62,$C35)) | AQ35: =IF($L35="","",IF($AP35=1,"⚠ 1개뿐 — 더 쪼개세요",IF($AP35=2,"△ 2개뿐 — 빠진 단계 확인",IF($AZ35<=2,"△ 하는 일이 "&$AZ35&"가지뿐 — 빠진 단계 확인","○ 좋음 (하는 일 "&$AZ35&"가지)")))) | AR35: =IF($L35="","",IF($BA35=0,"○ 다 채웠음","⚠ "&$BA35&"칸 비었음")) | AS35: =IF($L35="","",IF($BB35="","○ 문제 없음","⚠ "&LEFT($BB35,LEN($BB35)-3))) | AV35: =IF($L35="","",TRIM(RIGHT(SUBSTITUTE($AW35," ",REPT(" ",120)),120))) | AW35: =SUBSTITUTE($L35,CHAR(10)," ") | AX35: =SUBSTITUTE($J35,CHAR(10)," ") | AY35: =IF($L35="","",IF(SUMPRODUCT(--ISNUMBER(SEARCH({"조회","수집","추출","검색","파악","취합","조달","접수","연계","연동","선별","확보","입수","조사","식별","검출","감지","스크랩","필터링"},$AV35)))>0,"조회",IF(SUMPRODUCT(--ISNUMBER(SEARCH({"검토","검증","판정","판별","확인","승인","선정","대조","점검","분류","확정","평가","판단","심사","검수","비교","결정","구분","진단","판독","협의"},$AV35)))>0,"검증",IF(SUMPRODUCT(--ISNUMBER(SEARCH({"등록","발송","배포","제출","보고","이관","업로드","비치","공유","통보","알림","축적","저장","안내","제시","전달","회신","게시","기록","전파","제공","공지","요청","지시","배정","회부"},$AV35)))>0,"등록",IF(SUMPRODUCT(--ISNUMBER(SEARCH({"작성","생성","산출","제작","입력","정리","집계","분석","정형화","도출","보정","구성","정렬","반영","수립","설계","보완","요약","번역","정의","산정","갱신","수정","편성","설정","누적","가공","변환","시각화","편집","통합","부여","정제","기입","조정","제거","표시","채번"},$AV35)))>0,"작성","기타"))))) | AZ35: =IF($L35="","",(COUNTIFS($C$6:$C$62,$C35,$AY$6:$AY$62,"조회")>0)+(COUNTIFS($C$6:$C$62,$C35,$AY$6:$AY$62,"작성")>0)+(COUNTIFS($C$6:$C$62,$C35,$AY$6:$AY$62,"검증")>0)+(COUNTIFS($C$6:$C$62,$C35,$AY$6:$AY$62,"등록")>0)) | BA35: =IF($L35="",0,IF($X35="신설",0,COUNTBLANK($N35)+COUNTBLANK($P35)+COUNTBLANK($Q35)+COUNTBLANK($R35)+IF($R35="건별/비정기",COUNTBLANK($T35),IF($R35="",0,COUNTBLANK($S35))))+IF($X35="삭제",0,COUNTBLANK($AC35)+COUNTBLANK($AD35))) -> 0 | BB35: =IF($L35="","",IF(AND($AX35<>"",ISNUMBER(SEARCH($AX35,$AW35))),"L5 이름을 그대로 씀 · ","")&IF(AND($L35<>"",$L35=$Z35),"개선 후 설명이 똑같음 · ","")&IF(COUNTIFS($C$6:$C$62,$C35,$L$6:$L$62,$L35)>1,"같은 내용이 또 있음 · ","")&IF(AND($U35<>"",$U35=$V35),"필요 자료와 산출물이 같음 · ","")&IF(AND($C35=$C5,$V5<>"",$U35<>"",ISERROR(SEARCH(SUBSTITUTE($V5,CHAR(10)," "),SUBSTITUTE($U35,CHAR(10)," "))),ISERROR(SEARCH(SUBSTITUTE($U35,CHAR(10)," "),SUBSTITUTE($V5,CHAR(10)," ")))),"앞 산출물과 이어지지 않음 · ","")&IF(SUMPRODUCT(--ISNUMBER(SEARCH({"관리한다","처리한다","수행한다","진행한다"},$AW35)))>0,"뭉뚱그린 동사 · ","")&IF(ISNUMBER(SEARCH("하고 ",$AW35)),"한 줄에 동작 2개 · ","")&IF(RIGHT($L35,2)<>"한다","~한다 로 안 끝남 · ","")&IF(AND($P35<>"",N($P35)>60),"1건 60분 넘음 — 더 쪼개세요 · ","")&IF(AND($AA35="AI",$AD35<>"",N($AD35)>0),"AI 혼자 하는데 사람 인원 있음 · ","")&IF(AND($AA35="AI+사람",$AD35<>"",N($AD35)=0),"사람이 확인한다는데 인원 0 · ","")&IF(AND($X35="유지",$Y35="AI"),"그대로 두는데 AI 를 쓴다고 함 · ","")&IF(AND($X35="신설",COUNT($P35,$Q35)>0),"새로 생기는 일인데 현재 공수가 있음 · ","")&IF(AND($X35="삭제",COUNT($AC35,$AD35)>0),"없애는 일인데 개선 후 공수가 있음 · ","")&IF(AND($X35<>"신설",N($AH35)>0,N($AI35)>N($AH35)),"개선 후가 지금보다 더 오래 걸림 · ","")) | BC35: =IFERROR(IF($L35="",0,1/$AP35),0) -> 0
K36: =IF($L36="","",$C36&"-"&TEXT(COUNTIFS($C$6:$C36,$C36),"00")) | AH36: =IF(OR($Q36="",$Q36=0,$P36=""),0,ROUND($P36*$Q36*IFERROR(IF($R36="건별/비정기",$T36,VLOOKUP($R36,'04.코드표'!$K$5:$L$8,2,FALSE)*$S36),0)/60,1)) -> 0 | AI36: =IF(OR($AD36="",$AD36=0,$AC36=""),0,ROUND($AC36*$AD36*IFERROR(IF($R36="건별/비정기",$T36,VLOOKUP($R36,'04.코드표'!$K$5:$L$8,2,FALSE)*$S36),0)/60,1)) -> 0 | AJ36: =IF($L36="","",$AH36-$AI36) | AK36: =IF($L36="","",ROUND($AJ36/'04.코드표'!$L$11,2)) | AP36: =IF($L36="","",COUNTIFS($C$6:$C$62,$C36)) | AQ36: =IF($L36="","",IF($AP36=1,"⚠ 1개뿐 — 더 쪼개세요",IF($AP36=2,"△ 2개뿐 — 빠진 단계 확인",IF($AZ36<=2,"△ 하는 일이 "&$AZ36&"가지뿐 — 빠진 단계 확인","○ 좋음 (하는 일 "&$AZ36&"가지)")))) | AR36: =IF($L36="","",IF($BA36=0,"○ 다 채웠음","⚠ "&$BA36&"칸 비었음")) | AS36: =IF($L36="","",IF($BB36="","○ 문제 없음","⚠ "&LEFT($BB36,LEN($BB36)-3))) | AV36: =IF($L36="","",TRIM(RIGHT(SUBSTITUTE($AW36," ",REPT(" ",120)),120))) | AW36: =SUBSTITUTE($L36,CHAR(10)," ") | AX36: =SUBSTITUTE($J36,CHAR(10)," ") | AY36: =IF($L36="","",IF(SUMPRODUCT(--ISNUMBER(SEARCH({"조회","수집","추출","검색","파악","취합","조달","접수","연계","연동","선별","확보","입수","조사","식별","검출","감지","스크랩","필터링"},$AV36)))>0,"조회",IF(SUMPRODUCT(--ISNUMBER(SEARCH({"검토","검증","판정","판별","확인","승인","선정","대조","점검","분류","확정","평가","판단","심사","검수","비교","결정","구분","진단","판독","협의"},$AV36)))>0,"검증",IF(SUMPRODUCT(--ISNUMBER(SEARCH({"등록","발송","배포","제출","보고","이관","업로드","비치","공유","통보","알림","축적","저장","안내","제시","전달","회신","게시","기록","전파","제공","공지","요청","지시","배정","회부"},$AV36)))>0,"등록",IF(SUMPRODUCT(--ISNUMBER(SEARCH({"작성","생성","산출","제작","입력","정리","집계","분석","정형화","도출","보정","구성","정렬","반영","수립","설계","보완","요약","번역","정의","산정","갱신","수정","편성","설정","누적","가공","변환","시각화","편집","통합","부여","정제","기입","조정","제거","표시","채번"},$AV36)))>0,"작성","기타"))))) | AZ36: =IF($L36="","",(COUNTIFS($C$6:$C$62,$C36,$AY$6:$AY$62,"조회")>0)+(COUNTIFS($C$6:$C$62,$C36,$AY$6:$AY$62,"작성")>0)+(COUNTIFS($C$6:$C$62,$C36,$AY$6:$AY$62,"검증")>0)+(COUNTIFS($C$6:$C$62,$C36,$AY$6:$AY$62,"등록")>0)) | BA36: =IF($L36="",0,IF($X36="신설",0,COUNTBLANK($N36)+COUNTBLANK($P36)+COUNTBLANK($Q36)+COUNTBLANK($R36)+IF($R36="건별/비정기",COUNTBLANK($T36),IF($R36="",0,COUNTBLANK($S36))))+IF($X36="삭제",0,COUNTBLANK($AC36)+COUNTBLANK($AD36))) -> 0 | BB36: =IF($L36="","",IF(AND($AX36<>"",ISNUMBER(SEARCH($AX36,$AW36))),"L5 이름을 그대로 씀 · ","")&IF(AND($L36<>"",$L36=$Z36),"개선 후 설명이 똑같음 · ","")&IF(COUNTIFS($C$6:$C$62,$C36,$L$6:$L$62,$L36)>1,"같은 내용이 또 있음 · ","")&IF(AND($U36<>"",$U36=$V36),"필요 자료와 산출물이 같음 · ","")&IF(AND($C36=$C5,$V5<>"",$U36<>"",ISERROR(SEARCH(SUBSTITUTE($V5,CHAR(10)," "),SUBSTITUTE($U36,CHAR(10)," "))),ISERROR(SEARCH(SUBSTITUTE($U36,CHAR(10)," "),SUBSTITUTE($V5,CHAR(10)," ")))),"앞 산출물과 이어지지 않음 · ","")&IF(SUMPRODUCT(--ISNUMBER(SEARCH({"관리한다","처리한다","수행한다","진행한다"},$AW36)))>0,"뭉뚱그린 동사 · ","")&IF(ISNUMBER(SEARCH("하고 ",$AW36)),"한 줄에 동작 2개 · ","")&IF(RIGHT($L36,2)<>"한다","~한다 로 안 끝남 · ","")&IF(AND($P36<>"",N($P36)>60),"1건 60분 넘음 — 더 쪼개세요 · ","")&IF(AND($AA36="AI",$AD36<>"",N($AD36)>0),"AI 혼자 하는데 사람 인원 있음 · ","")&IF(AND($AA36="AI+사람",$AD36<>"",N($AD36)=0),"사람이 확인한다는데 인원 0 · ","")&IF(AND($X36="유지",$Y36="AI"),"그대로 두는데 AI 를 쓴다고 함 · ","")&IF(AND($X36="신설",COUNT($P36,$Q36)>0),"새로 생기는 일인데 현재 공수가 있음 · ","")&IF(AND($X36="삭제",COUNT($AC36,$AD36)>0),"없애는 일인데 개선 후 공수가 있음 · ","")&IF(AND($X36<>"신설",N($AH36)>0,N($AI36)>N($AH36)),"개선 후가 지금보다 더 오래 걸림 · ","")) | BC36: =IFERROR(IF($L36="",0,1/$AP36),0) -> 0
K37: =IF($L37="","",$C37&"-"&TEXT(COUNTIFS($C$6:$C37,$C37),"00")) | AH37: =IF(OR($Q37="",$Q37=0,$P37=""),0,ROUND($P37*$Q37*IFERROR(IF($R37="건별/비정기",$T37,VLOOKUP($R37,'04.코드표'!$K$5:$L$8,2,FALSE)*$S37),0)/60,1)) -> 0 | AI37: =IF(OR($AD37="",$AD37=0,$AC37=""),0,ROUND($AC37*$AD37*IFERROR(IF($R37="건별/비정기",$T37,VLOOKUP($R37,'04.코드표'!$K$5:$L$8,2,FALSE)*$S37),0)/60,1)) -> 0 | AJ37: =IF($L37="","",$AH37-$AI37) | AK37: =IF($L37="","",ROUND($AJ37/'04.코드표'!$L$11,2)) | AP37: =IF($L37="","",COUNTIFS($C$6:$C$62,$C37)) | AQ37: =IF($L37="","",IF($AP37=1,"⚠ 1개뿐 — 더 쪼개세요",IF($AP37=2,"△ 2개뿐 — 빠진 단계 확인",IF($AZ37<=2,"△ 하는 일이 "&$AZ37&"가지뿐 — 빠진 단계 확인","○ 좋음 (하는 일 "&$AZ37&"가지)")))) | AR37: =IF($L37="","",IF($BA37=0,"○ 다 채웠음","⚠ "&$BA37&"칸 비었음")) | AS37: =IF($L37="","",IF($BB37="","○ 문제 없음","⚠ "&LEFT($BB37,LEN($BB37)-3))) | AV37: =IF($L37="","",TRIM(RIGHT(SUBSTITUTE($AW37," ",REPT(" ",120)),120))) | AW37: =SUBSTITUTE($L37,CHAR(10)," ") | AX37: =SUBSTITUTE($J37,CHAR(10)," ") | AY37: =IF($L37="","",IF(SUMPRODUCT(--ISNUMBER(SEARCH({"조회","수집","추출","검색","파악","취합","조달","접수","연계","연동","선별","확보","입수","조사","식별","검출","감지","스크랩","필터링"},$AV37)))>0,"조회",IF(SUMPRODUCT(--ISNUMBER(SEARCH({"검토","검증","판정","판별","확인","승인","선정","대조","점검","분류","확정","평가","판단","심사","검수","비교","결정","구분","진단","판독","협의"},$AV37)))>0,"검증",IF(SUMPRODUCT(--ISNUMBER(SEARCH({"등록","발송","배포","제출","보고","이관","업로드","비치","공유","통보","알림","축적","저장","안내","제시","전달","회신","게시","기록","전파","제공","공지","요청","지시","배정","회부"},$AV37)))>0,"등록",IF(SUMPRODUCT(--ISNUMBER(SEARCH({"작성","생성","산출","제작","입력","정리","집계","분석","정형화","도출","보정","구성","정렬","반영","수립","설계","보완","요약","번역","정의","산정","갱신","수정","편성","설정","누적","가공","변환","시각화","편집","통합","부여","정제","기입","조정","제거","표시","채번"},$AV37)))>0,"작성","기타"))))) | AZ37: =IF($L37="","",(COUNTIFS($C$6:$C$62,$C37,$AY$6:$AY$62,"조회")>0)+(COUNTIFS($C$6:$C$62,$C37,$AY$6:$AY$62,"작성")>0)+(COUNTIFS($C$6:$C$62,$C37,$AY$6:$AY$62,"검증")>0)+(COUNTIFS($C$6:$C$62,$C37,$AY$6:$AY$62,"등록")>0)) | BA37: =IF($L37="",0,IF($X37="신설",0,COUNTBLANK($N37)+COUNTBLANK($P37)+COUNTBLANK($Q37)+COUNTBLANK($R37)+IF($R37="건별/비정기",COUNTBLANK($T37),IF($R37="",0,COUNTBLANK($S37))))+IF($X37="삭제",0,COUNTBLANK($AC37)+COUNTBLANK($AD37))) -> 0 | BB37: =IF($L37="","",IF(AND($AX37<>"",ISNUMBER(SEARCH($AX37,$AW37))),"L5 이름을 그대로 씀 · ","")&IF(AND($L37<>"",$L37=$Z37),"개선 후 설명이 똑같음 · ","")&IF(COUNTIFS($C$6:$C$62,$C37,$L$6:$L$62,$L37)>1,"같은 내용이 또 있음 · ","")&IF(AND($U37<>"",$U37=$V37),"필요 자료와 산출물이 같음 · ","")&IF(AND($C37=$C5,$V5<>"",$U37<>"",ISERROR(SEARCH(SUBSTITUTE($V5,CHAR(10)," "),SUBSTITUTE($U37,CHAR(10)," "))),ISERROR(SEARCH(SUBSTITUTE($U37,CHAR(10)," "),SUBSTITUTE($V5,CHAR(10)," ")))),"앞 산출물과 이어지지 않음 · ","")&IF(SUMPRODUCT(--ISNUMBER(SEARCH({"관리한다","처리한다","수행한다","진행한다"},$AW37)))>0,"뭉뚱그린 동사 · ","")&IF(ISNUMBER(SEARCH("하고 ",$AW37)),"한 줄에 동작 2개 · ","")&IF(RIGHT($L37,2)<>"한다","~한다 로 안 끝남 · ","")&IF(AND($P37<>"",N($P37)>60),"1건 60분 넘음 — 더 쪼개세요 · ","")&IF(AND($AA37="AI",$AD37<>"",N($AD37)>0),"AI 혼자 하는데 사람 인원 있음 · ","")&IF(AND($AA37="AI+사람",$AD37<>"",N($AD37)=0),"사람이 확인한다는데 인원 0 · ","")&IF(AND($X37="유지",$Y37="AI"),"그대로 두는데 AI 를 쓴다고 함 · ","")&IF(AND($X37="신설",COUNT($P37,$Q37)>0),"새로 생기는 일인데 현재 공수가 있음 · ","")&IF(AND($X37="삭제",COUNT($AC37,$AD37)>0),"없애는 일인데 개선 후 공수가 있음 · ","")&IF(AND($X37<>"신설",N($AH37)>0,N($AI37)>N($AH37)),"개선 후가 지금보다 더 오래 걸림 · ","")) | BC37: =IFERROR(IF($L37="",0,1/$AP37),0) -> 0
K38: =IF($L38="","",$C38&"-"&TEXT(COUNTIFS($C$6:$C38,$C38),"00")) | AH38: =IF(OR($Q38="",$Q38=0,$P38=""),0,ROUND($P38*$Q38*IFERROR(IF($R38="건별/비정기",$T38,VLOOKUP($R38,'04.코드표'!$K$5:$L$8,2,FALSE)*$S38),0)/60,1)) -> 0 | AI38: =IF(OR($AD38="",$AD38=0,$AC38=""),0,ROUND($AC38*$AD38*IFERROR(IF($R38="건별/비정기",$T38,VLOOKUP($R38,'04.코드표'!$K$5:$L$8,2,FALSE)*$S38),0)/60,1)) -> 0 | AJ38: =IF($L38="","",$AH38-$AI38) | AK38: =IF($L38="","",ROUND($AJ38/'04.코드표'!$L$11,2)) | AP38: =IF($L38="","",COUNTIFS($C$6:$C$62,$C38)) | AQ38: =IF($L38="","",IF($AP38=1,"⚠ 1개뿐 — 더 쪼개세요",IF($AP38=2,"△ 2개뿐 — 빠진 단계 확인",IF($AZ38<=2,"△ 하는 일이 "&$AZ38&"가지뿐 — 빠진 단계 확인","○ 좋음 (하는 일 "&$AZ38&"가지)")))) | AR38: =IF($L38="","",IF($BA38=0,"○ 다 채웠음","⚠ "&$BA38&"칸 비었음")) | AS38: =IF($L38="","",IF($BB38="","○ 문제 없음","⚠ "&LEFT($BB38,LEN($BB38)-3))) | AV38: =IF($L38="","",TRIM(RIGHT(SUBSTITUTE($AW38," ",REPT(" ",120)),120))) | AW38: =SUBSTITUTE($L38,CHAR(10)," ") | AX38: =SUBSTITUTE($J38,CHAR(10)," ") | AY38: =IF($L38="","",IF(SUMPRODUCT(--ISNUMBER(SEARCH({"조회","수집","추출","검색","파악","취합","조달","접수","연계","연동","선별","확보","입수","조사","식별","검출","감지","스크랩","필터링"},$AV38)))>0,"조회",IF(SUMPRODUCT(--ISNUMBER(SEARCH({"검토","검증","판정","판별","확인","승인","선정","대조","점검","분류","확정","평가","판단","심사","검수","비교","결정","구분","진단","판독","협의"},$AV38)))>0,"검증",IF(SUMPRODUCT(--ISNUMBER(SEARCH({"등록","발송","배포","제출","보고","이관","업로드","비치","공유","통보","알림","축적","저장","안내","제시","전달","회신","게시","기록","전파","제공","공지","요청","지시","배정","회부"},$AV38)))>0,"등록",IF(SUMPRODUCT(--ISNUMBER(SEARCH({"작성","생성","산출","제작","입력","정리","집계","분석","정형화","도출","보정","구성","정렬","반영","수립","설계","보완","요약","번역","정의","산정","갱신","수정","편성","설정","누적","가공","변환","시각화","편집","통합","부여","정제","기입","조정","제거","표시","채번"},$AV38)))>0,"작성","기타"))))) | AZ38: =IF($L38="","",(COUNTIFS($C$6:$C$62,$C38,$AY$6:$AY$62,"조회")>0)+(COUNTIFS($C$6:$C$62,$C38,$AY$6:$AY$62,"작성")>0)+(COUNTIFS($C$6:$C$62,$C38,$AY$6:$AY$62,"검증")>0)+(COUNTIFS($C$6:$C$62,$C38,$AY$6:$AY$62,"등록")>0)) | BA38: =IF($L38="",0,IF($X38="신설",0,COUNTBLANK($N38)+COUNTBLANK($P38)+COUNTBLANK($Q38)+COUNTBLANK($R38)+IF($R38="건별/비정기",COUNTBLANK($T38),IF($R38="",0,COUNTBLANK($S38))))+IF($X38="삭제",0,COUNTBLANK($AC38)+COUNTBLANK($AD38))) -> 0 | BB38: =IF($L38="","",IF(AND($AX38<>"",ISNUMBER(SEARCH($AX38,$AW38))),"L5 이름을 그대로 씀 · ","")&IF(AND($L38<>"",$L38=$Z38),"개선 후 설명이 똑같음 · ","")&IF(COUNTIFS($C$6:$C$62,$C38,$L$6:$L$62,$L38)>1,"같은 내용이 또 있음 · ","")&IF(AND($U38<>"",$U38=$V38),"필요 자료와 산출물이 같음 · ","")&IF(AND($C38=$C5,$V5<>"",$U38<>"",ISERROR(SEARCH(SUBSTITUTE($V5,CHAR(10)," "),SUBSTITUTE($U38,CHAR(10)," "))),ISERROR(SEARCH(SUBSTITUTE($U38,CHAR(10)," "),SUBSTITUTE($V5,CHAR(10)," ")))),"앞 산출물과 이어지지 않음 · ","")&IF(SUMPRODUCT(--ISNUMBER(SEARCH({"관리한다","처리한다","수행한다","진행한다"},$AW38)))>0,"뭉뚱그린 동사 · ","")&IF(ISNUMBER(SEARCH("하고 ",$AW38)),"한 줄에 동작 2개 · ","")&IF(RIGHT($L38,2)<>"한다","~한다 로 안 끝남 · ","")&IF(AND($P38<>"",N($P38)>60),"1건 60분 넘음 — 더 쪼개세요 · ","")&IF(AND($AA38="AI",$AD38<>"",N($AD38)>0),"AI 혼자 하는데 사람 인원 있음 · ","")&IF(AND($AA38="AI+사람",$AD38<>"",N($AD38)=0),"사람이 확인한다는데 인원 0 · ","")&IF(AND($X38="유지",$Y38="AI"),"그대로 두는데 AI 를 쓴다고 함 · ","")&IF(AND($X38="신설",COUNT($P38,$Q38)>0),"새로 생기는 일인데 현재 공수가 있음 · ","")&IF(AND($X38="삭제",COUNT($AC38,$AD38)>0),"없애는 일인데 개선 후 공수가 있음 · ","")&IF(AND($X38<>"신설",N($AH38)>0,N($AI38)>N($AH38)),"개선 후가 지금보다 더 오래 걸림 · ","")) | BC38: =IFERROR(IF($L38="",0,1/$AP38),0) -> 0
K39: =IF($L39="","",$C39&"-"&TEXT(COUNTIFS($C$6:$C39,$C39),"00")) | AH39: =IF(OR($Q39="",$Q39=0,$P39=""),0,ROUND($P39*$Q39*IFERROR(IF($R39="건별/비정기",$T39,VLOOKUP($R39,'04.코드표'!$K$5:$L$8,2,FALSE)*$S39),0)/60,1)) -> 0 | AI39: =IF(OR($AD39="",$AD39=0,$AC39=""),0,ROUND($AC39*$AD39*IFERROR(IF($R39="건별/비정기",$T39,VLOOKUP($R39,'04.코드표'!$K$5:$L$8,2,FALSE)*$S39),0)/60,1)) -> 0 | AJ39: =IF($L39="","",$AH39-$AI39) | AK39: =IF($L39="","",ROUND($AJ39/'04.코드표'!$L$11,2)) | AP39: =IF($L39="","",COUNTIFS($C$6:$C$62,$C39)) | AQ39: =IF($L39="","",IF($AP39=1,"⚠ 1개뿐 — 더 쪼개세요",IF($AP39=2,"△ 2개뿐 — 빠진 단계 확인",IF($AZ39<=2,"△ 하는 일이 "&$AZ39&"가지뿐 — 빠진 단계 확인","○ 좋음 (하는 일 "&$AZ39&"가지)")))) | AR39: =IF($L39="","",IF($BA39=0,"○ 다 채웠음","⚠ "&$BA39&"칸 비었음")) | AS39: =IF($L39="","",IF($BB39="","○ 문제 없음","⚠ "&LEFT($BB39,LEN($BB39)-3))) | AV39: =IF($L39="","",TRIM(RIGHT(SUBSTITUTE($AW39," ",REPT(" ",120)),120))) | AW39: =SUBSTITUTE($L39,CHAR(10)," ") | AX39: =SUBSTITUTE($J39,CHAR(10)," ") | AY39: =IF($L39="","",IF(SUMPRODUCT(--ISNUMBER(SEARCH({"조회","수집","추출","검색","파악","취합","조달","접수","연계","연동","선별","확보","입수","조사","식별","검출","감지","스크랩","필터링"},$AV39)))>0,"조회",IF(SUMPRODUCT(--ISNUMBER(SEARCH({"검토","검증","판정","판별","확인","승인","선정","대조","점검","분류","확정","평가","판단","심사","검수","비교","결정","구분","진단","판독","협의"},$AV39)))>0,"검증",IF(SUMPRODUCT(--ISNUMBER(SEARCH({"등록","발송","배포","제출","보고","이관","업로드","비치","공유","통보","알림","축적","저장","안내","제시","전달","회신","게시","기록","전파","제공","공지","요청","지시","배정","회부"},$AV39)))>0,"등록",IF(SUMPRODUCT(--ISNUMBER(SEARCH({"작성","생성","산출","제작","입력","정리","집계","분석","정형화","도출","보정","구성","정렬","반영","수립","설계","보완","요약","번역","정의","산정","갱신","수정","편성","설정","누적","가공","변환","시각화","편집","통합","부여","정제","기입","조정","제거","표시","채번"},$AV39)))>0,"작성","기타"))))) | AZ39: =IF($L39="","",(COUNTIFS($C$6:$C$62,$C39,$AY$6:$AY$62,"조회")>0)+(COUNTIFS($C$6:$C$62,$C39,$AY$6:$AY$62,"작성")>0)+(COUNTIFS($C$6:$C$62,$C39,$AY$6:$AY$62,"검증")>0)+(COUNTIFS($C$6:$C$62,$C39,$AY$6:$AY$62,"등록")>0)) | BA39: =IF($L39="",0,IF($X39="신설",0,COUNTBLANK($N39)+COUNTBLANK($P39)+COUNTBLANK($Q39)+COUNTBLANK($R39)+IF($R39="건별/비정기",COUNTBLANK($T39),IF($R39="",0,COUNTBLANK($S39))))+IF($X39="삭제",0,COUNTBLANK($AC39)+COUNTBLANK($AD39))) -> 0 | BB39: =IF($L39="","",IF(AND($AX39<>"",ISNUMBER(SEARCH($AX39,$AW39))),"L5 이름을 그대로 씀 · ","")&IF(AND($L39<>"",$L39=$Z39),"개선 후 설명이 똑같음 · ","")&IF(COUNTIFS($C$6:$C$62,$C39,$L$6:$L$62,$L39)>1,"같은 내용이 또 있음 · ","")&IF(AND($U39<>"",$U39=$V39),"필요 자료와 산출물이 같음 · ","")&IF(AND($C39=$C5,$V5<>"",$U39<>"",ISERROR(SEARCH(SUBSTITUTE($V5,CHAR(10)," "),SUBSTITUTE($U39,CHAR(10)," "))),ISERROR(SEARCH(SUBSTITUTE($U39,CHAR(10)," "),SUBSTITUTE($V5,CHAR(10)," ")))),"앞 산출물과 이어지지 않음 · ","")&IF(SUMPRODUCT(--ISNUMBER(SEARCH({"관리한다","처리한다","수행한다","진행한다"},$AW39)))>0,"뭉뚱그린 동사 · ","")&IF(ISNUMBER(SEARCH("하고 ",$AW39)),"한 줄에 동작 2개 · ","")&IF(RIGHT($L39,2)<>"한다","~한다 로 안 끝남 · ","")&IF(AND($P39<>"",N($P39)>60),"1건 60분 넘음 — 더 쪼개세요 · ","")&IF(AND($AA39="AI",$AD39<>"",N($AD39)>0),"AI 혼자 하는데 사람 인원 있음 · ","")&IF(AND($AA39="AI+사람",$AD39<>"",N($AD39)=0),"사람이 확인한다는데 인원 0 · ","")&IF(AND($X39="유지",$Y39="AI"),"그대로 두는데 AI 를 쓴다고 함 · ","")&IF(AND($X39="신설",COUNT($P39,$Q39)>0),"새로 생기는 일인데 현재 공수가 있음 · ","")&IF(AND($X39="삭제",COUNT($AC39,$AD39)>0),"없애는 일인데 개선 후 공수가 있음 · ","")&IF(AND($X39<>"신설",N($AH39)>0,N($AI39)>N($AH39)),"개선 후가 지금보다 더 오래 걸림 · ","")) | BC39: =IFERROR(IF($L39="",0,1/$AP39),0) -> 0
K40: =IF($L40="","",$C40&"-"&TEXT(COUNTIFS($C$6:$C40,$C40),"00")) | AH40: =IF(OR($Q40="",$Q40=0,$P40=""),0,ROUND($P40*$Q40*IFERROR(IF($R40="건별/비정기",$T40,VLOOKUP($R40,'04.코드표'!$K$5:$L$8,2,FALSE)*$S40),0)/60,1)) -> 0 | AI40: =IF(OR($AD40="",$AD40=0,$AC40=""),0,ROUND($AC40*$AD40*IFERROR(IF($R40="건별/비정기",$T40,VLOOKUP($R40,'04.코드표'!$K$5:$L$8,2,FALSE)*$S40),0)/60,1)) -> 0 | AJ40: =IF($L40="","",$AH40-$AI40) | AK40: =IF($L40="","",ROUND($AJ40/'04.코드표'!$L$11,2)) | AP40: =IF($L40="","",COUNTIFS($C$6:$C$62,$C40)) | AQ40: =IF($L40="","",IF($AP40=1,"⚠ 1개뿐 — 더 쪼개세요",IF($AP40=2,"△ 2개뿐 — 빠진 단계 확인",IF($AZ40<=2,"△ 하는 일이 "&$AZ40&"가지뿐 — 빠진 단계 확인","○ 좋음 (하는 일 "&$AZ40&"가지)")))) | AR40: =IF($L40="","",IF($BA40=0,"○ 다 채웠음","⚠ "&$BA40&"칸 비었음")) | AS40: =IF($L40="","",IF($BB40="","○ 문제 없음","⚠ "&LEFT($BB40,LEN($BB40)-3))) | AV40: =IF($L40="","",TRIM(RIGHT(SUBSTITUTE($AW40," ",REPT(" ",120)),120))) | AW40: =SUBSTITUTE($L40,CHAR(10)," ") | AX40: =SUBSTITUTE($J40,CHAR(10)," ") | AY40: =IF($L40="","",IF(SUMPRODUCT(--ISNUMBER(SEARCH({"조회","수집","추출","검색","파악","취합","조달","접수","연계","연동","선별","확보","입수","조사","식별","검출","감지","스크랩","필터링"},$AV40)))>0,"조회",IF(SUMPRODUCT(--ISNUMBER(SEARCH({"검토","검증","판정","판별","확인","승인","선정","대조","점검","분류","확정","평가","판단","심사","검수","비교","결정","구분","진단","판독","협의"},$AV40)))>0,"검증",IF(SUMPRODUCT(--ISNUMBER(SEARCH({"등록","발송","배포","제출","보고","이관","업로드","비치","공유","통보","알림","축적","저장","안내","제시","전달","회신","게시","기록","전파","제공","공지","요청","지시","배정","회부"},$AV40)))>0,"등록",IF(SUMPRODUCT(--ISNUMBER(SEARCH({"작성","생성","산출","제작","입력","정리","집계","분석","정형화","도출","보정","구성","정렬","반영","수립","설계","보완","요약","번역","정의","산정","갱신","수정","편성","설정","누적","가공","변환","시각화","편집","통합","부여","정제","기입","조정","제거","표시","채번"},$AV40)))>0,"작성","기타"))))) | AZ40: =IF($L40="","",(COUNTIFS($C$6:$C$62,$C40,$AY$6:$AY$62,"조회")>0)+(COUNTIFS($C$6:$C$62,$C40,$AY$6:$AY$62,"작성")>0)+(COUNTIFS($C$6:$C$62,$C40,$AY$6:$AY$62,"검증")>0)+(COUNTIFS($C$6:$C$62,$C40,$AY$6:$AY$62,"등록")>0)) | BA40: =IF($L40="",0,IF($X40="신설",0,COUNTBLANK($N40)+COUNTBLANK($P40)+COUNTBLANK($Q40)+COUNTBLANK($R40)+IF($R40="건별/비정기",COUNTBLANK($T40),IF($R40="",0,COUNTBLANK($S40))))+IF($X40="삭제",0,COUNTBLANK($AC40)+COUNTBLANK($AD40))) -> 0 | BB40: =IF($L40="","",IF(AND($AX40<>"",ISNUMBER(SEARCH($AX40,$AW40))),"L5 이름을 그대로 씀 · ","")&IF(AND($L40<>"",$L40=$Z40),"개선 후 설명이 똑같음 · ","")&IF(COUNTIFS($C$6:$C$62,$C40,$L$6:$L$62,$L40)>1,"같은 내용이 또 있음 · ","")&IF(AND($U40<>"",$U40=$V40),"필요 자료와 산출물이 같음 · ","")&IF(AND($C40=$C5,$V5<>"",$U40<>"",ISERROR(SEARCH(SUBSTITUTE($V5,CHAR(10)," "),SUBSTITUTE($U40,CHAR(10)," "))),ISERROR(SEARCH(SUBSTITUTE($U40,CHAR(10)," "),SUBSTITUTE($V5,CHAR(10)," ")))),"앞 산출물과 이어지지 않음 · ","")&IF(SUMPRODUCT(--ISNUMBER(SEARCH({"관리한다","처리한다","수행한다","진행한다"},$AW40)))>0,"뭉뚱그린 동사 · ","")&IF(ISNUMBER(SEARCH("하고 ",$AW40)),"한 줄에 동작 2개 · ","")&IF(RIGHT($L40,2)<>"한다","~한다 로 안 끝남 · ","")&IF(AND($P40<>"",N($P40)>60),"1건 60분 넘음 — 더 쪼개세요 · ","")&IF(AND($AA40="AI",$AD40<>"",N($AD40)>0),"AI 혼자 하는데 사람 인원 있음 · ","")&IF(AND($AA40="AI+사람",$AD40<>"",N($AD40)=0),"사람이 확인한다는데 인원 0 · ","")&IF(AND($X40="유지",$Y40="AI"),"그대로 두는데 AI 를 쓴다고 함 · ","")&IF(AND($X40="신설",COUNT($P40,$Q40)>0),"새로 생기는 일인데 현재 공수가 있음 · ","")&IF(AND($X40="삭제",COUNT($AC40,$AD40)>0),"없애는 일인데 개선 후 공수가 있음 · ","")&IF(AND($X40<>"신설",N($AH40)>0,N($AI40)>N($AH40)),"개선 후가 지금보다 더 오래 걸림 · ","")) | BC40: =IFERROR(IF($L40="",0,1/$AP40),0) -> 0
K41: =IF($L41="","",$C41&"-"&TEXT(COUNTIFS($C$6:$C41,$C41),"00")) | AH41: =IF(OR($Q41="",$Q41=0,$P41=""),0,ROUND($P41*$Q41*IFERROR(IF($R41="건별/비정기",$T41,VLOOKUP($R41,'04.코드표'!$K$5:$L$8,2,FALSE)*$S41),0)/60,1)) -> 0 | AI41: =IF(OR($AD41="",$AD41=0,$AC41=""),0,ROUND($AC41*$AD41*IFERROR(IF($R41="건별/비정기",$T41,VLOOKUP($R41,'04.코드표'!$K$5:$L$8,2,FALSE)*$S41),0)/60,1)) -> 0 | AJ41: =IF($L41="","",$AH41-$AI41) | AK41: =IF($L41="","",ROUND($AJ41/'04.코드표'!$L$11,2)) | AP41: =IF($L41="","",COUNTIFS($C$6:$C$62,$C41)) | AQ41: =IF($L41="","",IF($AP41=1,"⚠ 1개뿐 — 더 쪼개세요",IF($AP41=2,"△ 2개뿐 — 빠진 단계 확인",IF($AZ41<=2,"△ 하는 일이 "&$AZ41&"가지뿐 — 빠진 단계 확인","○ 좋음 (하는 일 "&$AZ41&"가지)")))) | AR41: =IF($L41="","",IF($BA41=0,"○ 다 채웠음","⚠ "&$BA41&"칸 비었음")) | AS41: =IF($L41="","",IF($BB41="","○ 문제 없음","⚠ "&LEFT($BB41,LEN($BB41)-3))) | AV41: =IF($L41="","",TRIM(RIGHT(SUBSTITUTE($AW41," ",REPT(" ",120)),120))) | AW41: =SUBSTITUTE($L41,CHAR(10)," ") | AX41: =SUBSTITUTE($J41,CHAR(10)," ") | AY41: =IF($L41="","",IF(SUMPRODUCT(--ISNUMBER(SEARCH({"조회","수집","추출","검색","파악","취합","조달","접수","연계","연동","선별","확보","입수","조사","식별","검출","감지","스크랩","필터링"},$AV41)))>0,"조회",IF(SUMPRODUCT(--ISNUMBER(SEARCH({"검토","검증","판정","판별","확인","승인","선정","대조","점검","분류","확정","평가","판단","심사","검수","비교","결정","구분","진단","판독","협의"},$AV41)))>0,"검증",IF(SUMPRODUCT(--ISNUMBER(SEARCH({"등록","발송","배포","제출","보고","이관","업로드","비치","공유","통보","알림","축적","저장","안내","제시","전달","회신","게시","기록","전파","제공","공지","요청","지시","배정","회부"},$AV41)))>0,"등록",IF(SUMPRODUCT(--ISNUMBER(SEARCH({"작성","생성","산출","제작","입력","정리","집계","분석","정형화","도출","보정","구성","정렬","반영","수립","설계","보완","요약","번역","정의","산정","갱신","수정","편성","설정","누적","가공","변환","시각화","편집","통합","부여","정제","기입","조정","제거","표시","채번"},$AV41)))>0,"작성","기타"))))) | AZ41: =IF($L41="","",(COUNTIFS($C$6:$C$62,$C41,$AY$6:$AY$62,"조회")>0)+(COUNTIFS($C$6:$C$62,$C41,$AY$6:$AY$62,"작성")>0)+(COUNTIFS($C$6:$C$62,$C41,$AY$6:$AY$62,"검증")>0)+(COUNTIFS($C$6:$C$62,$C41,$AY$6:$AY$62,"등록")>0)) | BA41: =IF($L41="",0,IF($X41="신설",0,COUNTBLANK($N41)+COUNTBLANK($P41)+COUNTBLANK($Q41)+COUNTBLANK($R41)+IF($R41="건별/비정기",COUNTBLANK($T41),IF($R41="",0,COUNTBLANK($S41))))+IF($X41="삭제",0,COUNTBLANK($AC41)+COUNTBLANK($AD41))) -> 0 | BB41: =IF($L41="","",IF(AND($AX41<>"",ISNUMBER(SEARCH($AX41,$AW41))),"L5 이름을 그대로 씀 · ","")&IF(AND($L41<>"",$L41=$Z41),"개선 후 설명이 똑같음 · ","")&IF(COUNTIFS($C$6:$C$62,$C41,$L$6:$L$62,$L41)>1,"같은 내용이 또 있음 · ","")&IF(AND($U41<>"",$U41=$V41),"필요 자료와 산출물이 같음 · ","")&IF(AND($C41=$C5,$V5<>"",$U41<>"",ISERROR(SEARCH(SUBSTITUTE($V5,CHAR(10)," "),SUBSTITUTE($U41,CHAR(10)," "))),ISERROR(SEARCH(SUBSTITUTE($U41,CHAR(10)," "),SUBSTITUTE($V5,CHAR(10)," ")))),"앞 산출물과 이어지지 않음 · ","")&IF(SUMPRODUCT(--ISNUMBER(SEARCH({"관리한다","처리한다","수행한다","진행한다"},$AW41)))>0,"뭉뚱그린 동사 · ","")&IF(ISNUMBER(SEARCH("하고 ",$AW41)),"한 줄에 동작 2개 · ","")&IF(RIGHT($L41,2)<>"한다","~한다 로 안 끝남 · ","")&IF(AND($P41<>"",N($P41)>60),"1건 60분 넘음 — 더 쪼개세요 · ","")&IF(AND($AA41="AI",$AD41<>"",N($AD41)>0),"AI 혼자 하는데 사람 인원 있음 · ","")&IF(AND($AA41="AI+사람",$AD41<>"",N($AD41)=0),"사람이 확인한다는데 인원 0 · ","")&IF(AND($X41="유지",$Y41="AI"),"그대로 두는데 AI 를 쓴다고 함 · ","")&IF(AND($X41="신설",COUNT($P41,$Q41)>0),"새로 생기는 일인데 현재 공수가 있음 · ","")&IF(AND($X41="삭제",COUNT($AC41,$AD41)>0),"없애는 일인데 개선 후 공수가 있음 · ","")&IF(AND($X41<>"신설",N($AH41)>0,N($AI41)>N($AH41)),"개선 후가 지금보다 더 오래 걸림 · ","")) | BC41: =IFERROR(IF($L41="",0,1/$AP41),0) -> 0
K42: =IF($L42="","",$C42&"-"&TEXT(COUNTIFS($C$6:$C42,$C42),"00")) | AH42: =IF(OR($Q42="",$Q42=0,$P42=""),0,ROUND($P42*$Q42*IFERROR(IF($R42="건별/비정기",$T42,VLOOKUP($R42,'04.코드표'!$K$5:$L$8,2,FALSE)*$S42),0)/60,1)) -> 0 | AI42: =IF(OR($AD42="",$AD42=0,$AC42=""),0,ROUND($AC42*$AD42*IFERROR(IF($R42="건별/비정기",$T42,VLOOKUP($R42,'04.코드표'!$K$5:$L$8,2,FALSE)*$S42),0)/60,1)) -> 0 | AJ42: =IF($L42="","",$AH42-$AI42) | AK42: =IF($L42="","",ROUND($AJ42/'04.코드표'!$L$11,2)) | AP42: =IF($L42="","",COUNTIFS($C$6:$C$62,$C42)) | AQ42: =IF($L42="","",IF($AP42=1,"⚠ 1개뿐 — 더 쪼개세요",IF($AP42=2,"△ 2개뿐 — 빠진 단계 확인",IF($AZ42<=2,"△ 하는 일이 "&$AZ42&"가지뿐 — 빠진 단계 확인","○ 좋음 (하는 일 "&$AZ42&"가지)")))) | AR42: =IF($L42="","",IF($BA42=0,"○ 다 채웠음","⚠ "&$BA42&"칸 비었음")) | AS42: =IF($L42="","",IF($BB42="","○ 문제 없음","⚠ "&LEFT($BB42,LEN($BB42)-3))) | AV42: =IF($L42="","",TRIM(RIGHT(SUBSTITUTE($AW42," ",REPT(" ",120)),120))) | AW42: =SUBSTITUTE($L42,CHAR(10)," ") | AX42: =SUBSTITUTE($J42,CHAR(10)," ") | AY42: =IF($L42="","",IF(SUMPRODUCT(--ISNUMBER(SEARCH({"조회","수집","추출","검색","파악","취합","조달","접수","연계","연동","선별","확보","입수","조사","식별","검출","감지","스크랩","필터링"},$AV42)))>0,"조회",IF(SUMPRODUCT(--ISNUMBER(SEARCH({"검토","검증","판정","판별","확인","승인","선정","대조","점검","분류","확정","평가","판단","심사","검수","비교","결정","구분","진단","판독","협의"},$AV42)))>0,"검증",IF(SUMPRODUCT(--ISNUMBER(SEARCH({"등록","발송","배포","제출","보고","이관","업로드","비치","공유","통보","알림","축적","저장","안내","제시","전달","회신","게시","기록","전파","제공","공지","요청","지시","배정","회부"},$AV42)))>0,"등록",IF(SUMPRODUCT(--ISNUMBER(SEARCH({"작성","생성","산출","제작","입력","정리","집계","분석","정형화","도출","보정","구성","정렬","반영","수립","설계","보완","요약","번역","정의","산정","갱신","수정","편성","설정","누적","가공","변환","시각화","편집","통합","부여","정제","기입","조정","제거","표시","채번"},$AV42)))>0,"작성","기타"))))) | AZ42: =IF($L42="","",(COUNTIFS($C$6:$C$62,$C42,$AY$6:$AY$62,"조회")>0)+(COUNTIFS($C$6:$C$62,$C42,$AY$6:$AY$62,"작성")>0)+(COUNTIFS($C$6:$C$62,$C42,$AY$6:$AY$62,"검증")>0)+(COUNTIFS($C$6:$C$62,$C42,$AY$6:$AY$62,"등록")>0)) | BA42: =IF($L42="",0,IF($X42="신설",0,COUNTBLANK($N42)+COUNTBLANK($P42)+COUNTBLANK($Q42)+COUNTBLANK($R42)+IF($R42="건별/비정기",COUNTBLANK($T42),IF($R42="",0,COUNTBLANK($S42))))+IF($X42="삭제",0,COUNTBLANK($AC42)+COUNTBLANK($AD42))) -> 0 | BB42: =IF($L42="","",IF(AND($AX42<>"",ISNUMBER(SEARCH($AX42,$AW42))),"L5 이름을 그대로 씀 · ","")&IF(AND($L42<>"",$L42=$Z42),"개선 후 설명이 똑같음 · ","")&IF(COUNTIFS($C$6:$C$62,$C42,$L$6:$L$62,$L42)>1,"같은 내용이 또 있음 · ","")&IF(AND($U42<>"",$U42=$V42),"필요 자료와 산출물이 같음 · ","")&IF(AND($C42=$C5,$V5<>"",$U42<>"",ISERROR(SEARCH(SUBSTITUTE($V5,CHAR(10)," "),SUBSTITUTE($U42,CHAR(10)," "))),ISERROR(SEARCH(SUBSTITUTE($U42,CHAR(10)," "),SUBSTITUTE($V5,CHAR(10)," ")))),"앞 산출물과 이어지지 않음 · ","")&IF(SUMPRODUCT(--ISNUMBER(SEARCH({"관리한다","처리한다","수행한다","진행한다"},$AW42)))>0,"뭉뚱그린 동사 · ","")&IF(ISNUMBER(SEARCH("하고 ",$AW42)),"한 줄에 동작 2개 · ","")&IF(RIGHT($L42,2)<>"한다","~한다 로 안 끝남 · ","")&IF(AND($P42<>"",N($P42)>60),"1건 60분 넘음 — 더 쪼개세요 · ","")&IF(AND($AA42="AI",$AD42<>"",N($AD42)>0),"AI 혼자 하는데 사람 인원 있음 · ","")&IF(AND($AA42="AI+사람",$AD42<>"",N($AD42)=0),"사람이 확인한다는데 인원 0 · ","")&IF(AND($X42="유지",$Y42="AI"),"그대로 두는데 AI 를 쓴다고 함 · ","")&IF(AND($X42="신설",COUNT($P42,$Q42)>0),"새로 생기는 일인데 현재 공수가 있음 · ","")&IF(AND($X42="삭제",COUNT($AC42,$AD42)>0),"없애는 일인데 개선 후 공수가 있음 · ","")&IF(AND($X42<>"신설",N($AH42)>0,N($AI42)>N($AH42)),"개선 후가 지금보다 더 오래 걸림 · ","")) | BC42: =IFERROR(IF($L42="",0,1/$AP42),0) -> 0
K43: =IF($L43="","",$C43&"-"&TEXT(COUNTIFS($C$6:$C43,$C43),"00")) | AH43: =IF(OR($Q43="",$Q43=0,$P43=""),0,ROUND($P43*$Q43*IFERROR(IF($R43="건별/비정기",$T43,VLOOKUP($R43,'04.코드표'!$K$5:$L$8,2,FALSE)*$S43),0)/60,1)) -> 0 | AI43: =IF(OR($AD43="",$AD43=0,$AC43=""),0,ROUND($AC43*$AD43*IFERROR(IF($R43="건별/비정기",$T43,VLOOKUP($R43,'04.코드표'!$K$5:$L$8,2,FALSE)*$S43),0)/60,1)) -> 0 | AJ43: =IF($L43="","",$AH43-$AI43) | AK43: =IF($L43="","",ROUND($AJ43/'04.코드표'!$L$11,2)) | AP43: =IF($L43="","",COUNTIFS($C$6:$C$62,$C43)) | AQ43: =IF($L43="","",IF($AP43=1,"⚠ 1개뿐 — 더 쪼개세요",IF($AP43=2,"△ 2개뿐 — 빠진 단계 확인",IF($AZ43<=2,"△ 하는 일이 "&$AZ43&"가지뿐 — 빠진 단계 확인","○ 좋음 (하는 일 "&$AZ43&"가지)")))) | AR43: =IF($L43="","",IF($BA43=0,"○ 다 채웠음","⚠ "&$BA43&"칸 비었음")) | AS43: =IF($L43="","",IF($BB43="","○ 문제 없음","⚠ "&LEFT($BB43,LEN($BB43)-3))) | AV43: =IF($L43="","",TRIM(RIGHT(SUBSTITUTE($AW43," ",REPT(" ",120)),120))) | AW43: =SUBSTITUTE($L43,CHAR(10)," ") | AX43: =SUBSTITUTE($J43,CHAR(10)," ") | AY43: =IF($L43="","",IF(SUMPRODUCT(--ISNUMBER(SEARCH({"조회","수집","추출","검색","파악","취합","조달","접수","연계","연동","선별","확보","입수","조사","식별","검출","감지","스크랩","필터링"},$AV43)))>0,"조회",IF(SUMPRODUCT(--ISNUMBER(SEARCH({"검토","검증","판정","판별","확인","승인","선정","대조","점검","분류","확정","평가","판단","심사","검수","비교","결정","구분","진단","판독","협의"},$AV43)))>0,"검증",IF(SUMPRODUCT(--ISNUMBER(SEARCH({"등록","발송","배포","제출","보고","이관","업로드","비치","공유","통보","알림","축적","저장","안내","제시","전달","회신","게시","기록","전파","제공","공지","요청","지시","배정","회부"},$AV43)))>0,"등록",IF(SUMPRODUCT(--ISNUMBER(SEARCH({"작성","생성","산출","제작","입력","정리","집계","분석","정형화","도출","보정","구성","정렬","반영","수립","설계","보완","요약","번역","정의","산정","갱신","수정","편성","설정","누적","가공","변환","시각화","편집","통합","부여","정제","기입","조정","제거","표시","채번"},$AV43)))>0,"작성","기타"))))) | AZ43: =IF($L43="","",(COUNTIFS($C$6:$C$62,$C43,$AY$6:$AY$62,"조회")>0)+(COUNTIFS($C$6:$C$62,$C43,$AY$6:$AY$62,"작성")>0)+(COUNTIFS($C$6:$C$62,$C43,$AY$6:$AY$62,"검증")>0)+(COUNTIFS($C$6:$C$62,$C43,$AY$6:$AY$62,"등록")>0)) | BA43: =IF($L43="",0,IF($X43="신설",0,COUNTBLANK($N43)+COUNTBLANK($P43)+COUNTBLANK($Q43)+COUNTBLANK($R43)+IF($R43="건별/비정기",COUNTBLANK($T43),IF($R43="",0,COUNTBLANK($S43))))+IF($X43="삭제",0,COUNTBLANK($AC43)+COUNTBLANK($AD43))) -> 0 | BB43: =IF($L43="","",IF(AND($AX43<>"",ISNUMBER(SEARCH($AX43,$AW43))),"L5 이름을 그대로 씀 · ","")&IF(AND($L43<>"",$L43=$Z43),"개선 후 설명이 똑같음 · ","")&IF(COUNTIFS($C$6:$C$62,$C43,$L$6:$L$62,$L43)>1,"같은 내용이 또 있음 · ","")&IF(AND($U43<>"",$U43=$V43),"필요 자료와 산출물이 같음 · ","")&IF(AND($C43=$C5,$V5<>"",$U43<>"",ISERROR(SEARCH(SUBSTITUTE($V5,CHAR(10)," "),SUBSTITUTE($U43,CHAR(10)," "))),ISERROR(SEARCH(SUBSTITUTE($U43,CHAR(10)," "),SUBSTITUTE($V5,CHAR(10)," ")))),"앞 산출물과 이어지지 않음 · ","")&IF(SUMPRODUCT(--ISNUMBER(SEARCH({"관리한다","처리한다","수행한다","진행한다"},$AW43)))>0,"뭉뚱그린 동사 · ","")&IF(ISNUMBER(SEARCH("하고 ",$AW43)),"한 줄에 동작 2개 · ","")&IF(RIGHT($L43,2)<>"한다","~한다 로 안 끝남 · ","")&IF(AND($P43<>"",N($P43)>60),"1건 60분 넘음 — 더 쪼개세요 · ","")&IF(AND($AA43="AI",$AD43<>"",N($AD43)>0),"AI 혼자 하는데 사람 인원 있음 · ","")&IF(AND($AA43="AI+사람",$AD43<>"",N($AD43)=0),"사람이 확인한다는데 인원 0 · ","")&IF(AND($X43="유지",$Y43="AI"),"그대로 두는데 AI 를 쓴다고 함 · ","")&IF(AND($X43="신설",COUNT($P43,$Q43)>0),"새로 생기는 일인데 현재 공수가 있음 · ","")&IF(AND($X43="삭제",COUNT($AC43,$AD43)>0),"없애는 일인데 개선 후 공수가 있음 · ","")&IF(AND($X43<>"신설",N($AH43)>0,N($AI43)>N($AH43)),"개선 후가 지금보다 더 오래 걸림 · ","")) | BC43: =IFERROR(IF($L43="",0,1/$AP43),0) -> 0
K44: =IF($L44="","",$C44&"-"&TEXT(COUNTIFS($C$6:$C44,$C44),"00")) | AH44: =IF(OR($Q44="",$Q44=0,$P44=""),0,ROUND($P44*$Q44*IFERROR(IF($R44="건별/비정기",$T44,VLOOKUP($R44,'04.코드표'!$K$5:$L$8,2,FALSE)*$S44),0)/60,1)) -> 0 | AI44: =IF(OR($AD44="",$AD44=0,$AC44=""),0,ROUND($AC44*$AD44*IFERROR(IF($R44="건별/비정기",$T44,VLOOKUP($R44,'04.코드표'!$K$5:$L$8,2,FALSE)*$S44),0)/60,1)) -> 0 | AJ44: =IF($L44="","",$AH44-$AI44) | AK44: =IF($L44="","",ROUND($AJ44/'04.코드표'!$L$11,2)) | AP44: =IF($L44="","",COUNTIFS($C$6:$C$62,$C44)) | AQ44: =IF($L44="","",IF($AP44=1,"⚠ 1개뿐 — 더 쪼개세요",IF($AP44=2,"△ 2개뿐 — 빠진 단계 확인",IF($AZ44<=2,"△ 하는 일이 "&$AZ44&"가지뿐 — 빠진 단계 확인","○ 좋음 (하는 일 "&$AZ44&"가지)")))) | AR44: =IF($L44="","",IF($BA44=0,"○ 다 채웠음","⚠ "&$BA44&"칸 비었음")) | AS44: =IF($L44="","",IF($BB44="","○ 문제 없음","⚠ "&LEFT($BB44,LEN($BB44)-3))) | AV44: =IF($L44="","",TRIM(RIGHT(SUBSTITUTE($AW44," ",REPT(" ",120)),120))) | AW44: =SUBSTITUTE($L44,CHAR(10)," ") | AX44: =SUBSTITUTE($J44,CHAR(10)," ") | AY44: =IF($L44="","",IF(SUMPRODUCT(--ISNUMBER(SEARCH({"조회","수집","추출","검색","파악","취합","조달","접수","연계","연동","선별","확보","입수","조사","식별","검출","감지","스크랩","필터링"},$AV44)))>0,"조회",IF(SUMPRODUCT(--ISNUMBER(SEARCH({"검토","검증","판정","판별","확인","승인","선정","대조","점검","분류","확정","평가","판단","심사","검수","비교","결정","구분","진단","판독","협의"},$AV44)))>0,"검증",IF(SUMPRODUCT(--ISNUMBER(SEARCH({"등록","발송","배포","제출","보고","이관","업로드","비치","공유","통보","알림","축적","저장","안내","제시","전달","회신","게시","기록","전파","제공","공지","요청","지시","배정","회부"},$AV44)))>0,"등록",IF(SUMPRODUCT(--ISNUMBER(SEARCH({"작성","생성","산출","제작","입력","정리","집계","분석","정형화","도출","보정","구성","정렬","반영","수립","설계","보완","요약","번역","정의","산정","갱신","수정","편성","설정","누적","가공","변환","시각화","편집","통합","부여","정제","기입","조정","제거","표시","채번"},$AV44)))>0,"작성","기타"))))) | AZ44: =IF($L44="","",(COUNTIFS($C$6:$C$62,$C44,$AY$6:$AY$62,"조회")>0)+(COUNTIFS($C$6:$C$62,$C44,$AY$6:$AY$62,"작성")>0)+(COUNTIFS($C$6:$C$62,$C44,$AY$6:$AY$62,"검증")>0)+(COUNTIFS($C$6:$C$62,$C44,$AY$6:$AY$62,"등록")>0)) | BA44: =IF($L44="",0,IF($X44="신설",0,COUNTBLANK($N44)+COUNTBLANK($P44)+COUNTBLANK($Q44)+COUNTBLANK($R44)+IF($R44="건별/비정기",COUNTBLANK($T44),IF($R44="",0,COUNTBLANK($S44))))+IF($X44="삭제",0,COUNTBLANK($AC44)+COUNTBLANK($AD44))) -> 0 | BB44: =IF($L44="","",IF(AND($AX44<>"",ISNUMBER(SEARCH($AX44,$AW44))),"L5 이름을 그대로 씀 · ","")&IF(AND($L44<>"",$L44=$Z44),"개선 후 설명이 똑같음 · ","")&IF(COUNTIFS($C$6:$C$62,$C44,$L$6:$L$62,$L44)>1,"같은 내용이 또 있음 · ","")&IF(AND($U44<>"",$U44=$V44),"필요 자료와 산출물이 같음 · ","")&IF(AND($C44=$C5,$V5<>"",$U44<>"",ISERROR(SEARCH(SUBSTITUTE($V5,CHAR(10)," "),SUBSTITUTE($U44,CHAR(10)," "))),ISERROR(SEARCH(SUBSTITUTE($U44,CHAR(10)," "),SUBSTITUTE($V5,CHAR(10)," ")))),"앞 산출물과 이어지지 않음 · ","")&IF(SUMPRODUCT(--ISNUMBER(SEARCH({"관리한다","처리한다","수행한다","진행한다"},$AW44)))>0,"뭉뚱그린 동사 · ","")&IF(ISNUMBER(SEARCH("하고 ",$AW44)),"한 줄에 동작 2개 · ","")&IF(RIGHT($L44,2)<>"한다","~한다 로 안 끝남 · ","")&IF(AND($P44<>"",N($P44)>60),"1건 60분 넘음 — 더 쪼개세요 · ","")&IF(AND($AA44="AI",$AD44<>"",N($AD44)>0),"AI 혼자 하는데 사람 인원 있음 · ","")&IF(AND($AA44="AI+사람",$AD44<>"",N($AD44)=0),"사람이 확인한다는데 인원 0 · ","")&IF(AND($X44="유지",$Y44="AI"),"그대로 두는데 AI 를 쓴다고 함 · ","")&IF(AND($X44="신설",COUNT($P44,$Q44)>0),"새로 생기는 일인데 현재 공수가 있음 · ","")&IF(AND($X44="삭제",COUNT($AC44,$AD44)>0),"없애는 일인데 개선 후 공수가 있음 · ","")&IF(AND($X44<>"신설",N($AH44)>0,N($AI44)>N($AH44)),"개선 후가 지금보다 더 오래 걸림 · ","")) | BC44: =IFERROR(IF($L44="",0,1/$AP44),0) -> 0
K45: =IF($L45="","",$C45&"-"&TEXT(COUNTIFS($C$6:$C45,$C45),"00")) | AH45: =IF(OR($Q45="",$Q45=0,$P45=""),0,ROUND($P45*$Q45*IFERROR(IF($R45="건별/비정기",$T45,VLOOKUP($R45,'04.코드표'!$K$5:$L$8,2,FALSE)*$S45),0)/60,1)) -> 0 | AI45: =IF(OR($AD45="",$AD45=0,$AC45=""),0,ROUND($AC45*$AD45*IFERROR(IF($R45="건별/비정기",$T45,VLOOKUP($R45,'04.코드표'!$K$5:$L$8,2,FALSE)*$S45),0)/60,1)) -> 0 | AJ45: =IF($L45="","",$AH45-$AI45) | AK45: =IF($L45="","",ROUND($AJ45/'04.코드표'!$L$11,2)) | AP45: =IF($L45="","",COUNTIFS($C$6:$C$62,$C45)) | AQ45: =IF($L45="","",IF($AP45=1,"⚠ 1개뿐 — 더 쪼개세요",IF($AP45=2,"△ 2개뿐 — 빠진 단계 확인",IF($AZ45<=2,"△ 하는 일이 "&$AZ45&"가지뿐 — 빠진 단계 확인","○ 좋음 (하는 일 "&$AZ45&"가지)")))) | AR45: =IF($L45="","",IF($BA45=0,"○ 다 채웠음","⚠ "&$BA45&"칸 비었음")) | AS45: =IF($L45="","",IF($BB45="","○ 문제 없음","⚠ "&LEFT($BB45,LEN($BB45)-3))) | AV45: =IF($L45="","",TRIM(RIGHT(SUBSTITUTE($AW45," ",REPT(" ",120)),120))) | AW45: =SUBSTITUTE($L45,CHAR(10)," ") | AX45: =SUBSTITUTE($J45,CHAR(10)," ") | AY45: =IF($L45="","",IF(SUMPRODUCT(--ISNUMBER(SEARCH({"조회","수집","추출","검색","파악","취합","조달","접수","연계","연동","선별","확보","입수","조사","식별","검출","감지","스크랩","필터링"},$AV45)))>0,"조회",IF(SUMPRODUCT(--ISNUMBER(SEARCH({"검토","검증","판정","판별","확인","승인","선정","대조","점검","분류","확정","평가","판단","심사","검수","비교","결정","구분","진단","판독","협의"},$AV45)))>0,"검증",IF(SUMPRODUCT(--ISNUMBER(SEARCH({"등록","발송","배포","제출","보고","이관","업로드","비치","공유","통보","알림","축적","저장","안내","제시","전달","회신","게시","기록","전파","제공","공지","요청","지시","배정","회부"},$AV45)))>0,"등록",IF(SUMPRODUCT(--ISNUMBER(SEARCH({"작성","생성","산출","제작","입력","정리","집계","분석","정형화","도출","보정","구성","정렬","반영","수립","설계","보완","요약","번역","정의","산정","갱신","수정","편성","설정","누적","가공","변환","시각화","편집","통합","부여","정제","기입","조정","제거","표시","채번"},$AV45)))>0,"작성","기타"))))) | AZ45: =IF($L45="","",(COUNTIFS($C$6:$C$62,$C45,$AY$6:$AY$62,"조회")>0)+(COUNTIFS($C$6:$C$62,$C45,$AY$6:$AY$62,"작성")>0)+(COUNTIFS($C$6:$C$62,$C45,$AY$6:$AY$62,"검증")>0)+(COUNTIFS($C$6:$C$62,$C45,$AY$6:$AY$62,"등록")>0)) | BA45: =IF($L45="",0,IF($X45="신설",0,COUNTBLANK($N45)+COUNTBLANK($P45)+COUNTBLANK($Q45)+COUNTBLANK($R45)+IF($R45="건별/비정기",COUNTBLANK($T45),IF($R45="",0,COUNTBLANK($S45))))+IF($X45="삭제",0,COUNTBLANK($AC45)+COUNTBLANK($AD45))) -> 0 | BB45: =IF($L45="","",IF(AND($AX45<>"",ISNUMBER(SEARCH($AX45,$AW45))),"L5 이름을 그대로 씀 · ","")&IF(AND($L45<>"",$L45=$Z45),"개선 후 설명이 똑같음 · ","")&IF(COUNTIFS($C$6:$C$62,$C45,$L$6:$L$62,$L45)>1,"같은 내용이 또 있음 · ","")&IF(AND($U45<>"",$U45=$V45),"필요 자료와 산출물이 같음 · ","")&IF(AND($C45=$C5,$V5<>"",$U45<>"",ISERROR(SEARCH(SUBSTITUTE($V5,CHAR(10)," "),SUBSTITUTE($U45,CHAR(10)," "))),ISERROR(SEARCH(SUBSTITUTE($U45,CHAR(10)," "),SUBSTITUTE($V5,CHAR(10)," ")))),"앞 산출물과 이어지지 않음 · ","")&IF(SUMPRODUCT(--ISNUMBER(SEARCH({"관리한다","처리한다","수행한다","진행한다"},$AW45)))>0,"뭉뚱그린 동사 · ","")&IF(ISNUMBER(SEARCH("하고 ",$AW45)),"한 줄에 동작 2개 · ","")&IF(RIGHT($L45,2)<>"한다","~한다 로 안 끝남 · ","")&IF(AND($P45<>"",N($P45)>60),"1건 60분 넘음 — 더 쪼개세요 · ","")&IF(AND($AA45="AI",$AD45<>"",N($AD45)>0),"AI 혼자 하는데 사람 인원 있음 · ","")&IF(AND($AA45="AI+사람",$AD45<>"",N($AD45)=0),"사람이 확인한다는데 인원 0 · ","")&IF(AND($X45="유지",$Y45="AI"),"그대로 두는데 AI 를 쓴다고 함 · ","")&IF(AND($X45="신설",COUNT($P45,$Q45)>0),"새로 생기는 일인데 현재 공수가 있음 · ","")&IF(AND($X45="삭제",COUNT($AC45,$AD45)>0),"없애는 일인데 개선 후 공수가 있음 · ","")&IF(AND($X45<>"신설",N($AH45)>0,N($AI45)>N($AH45)),"개선 후가 지금보다 더 오래 걸림 · ","")) | BC45: =IFERROR(IF($L45="",0,1/$AP45),0) -> 0
K46: =IF($L46="","",$C46&"-"&TEXT(COUNTIFS($C$6:$C46,$C46),"00")) | AH46: =IF(OR($Q46="",$Q46=0,$P46=""),0,ROUND($P46*$Q46*IFERROR(IF($R46="건별/비정기",$T46,VLOOKUP($R46,'04.코드표'!$K$5:$L$8,2,FALSE)*$S46),0)/60,1)) -> 0 | AI46: =IF(OR($AD46="",$AD46=0,$AC46=""),0,ROUND($AC46*$AD46*IFERROR(IF($R46="건별/비정기",$T46,VLOOKUP($R46,'04.코드표'!$K$5:$L$8,2,FALSE)*$S46),0)/60,1)) -> 0 | AJ46: =IF($L46="","",$AH46-$AI46) | AK46: =IF($L46="","",ROUND($AJ46/'04.코드표'!$L$11,2)) | AP46: =IF($L46="","",COUNTIFS($C$6:$C$62,$C46)) | AQ46: =IF($L46="","",IF($AP46=1,"⚠ 1개뿐 — 더 쪼개세요",IF($AP46=2,"△ 2개뿐 — 빠진 단계 확인",IF($AZ46<=2,"△ 하는 일이 "&$AZ46&"가지뿐 — 빠진 단계 확인","○ 좋음 (하는 일 "&$AZ46&"가지)")))) | AR46: =IF($L46="","",IF($BA46=0,"○ 다 채웠음","⚠ "&$BA46&"칸 비었음")) | AS46: =IF($L46="","",IF($BB46="","○ 문제 없음","⚠ "&LEFT($BB46,LEN($BB46)-3))) | AV46: =IF($L46="","",TRIM(RIGHT(SUBSTITUTE($AW46," ",REPT(" ",120)),120))) | AW46: =SUBSTITUTE($L46,CHAR(10)," ") | AX46: =SUBSTITUTE($J46,CHAR(10)," ") | AY46: =IF($L46="","",IF(SUMPRODUCT(--ISNUMBER(SEARCH({"조회","수집","추출","검색","파악","취합","조달","접수","연계","연동","선별","확보","입수","조사","식별","검출","감지","스크랩","필터링"},$AV46)))>0,"조회",IF(SUMPRODUCT(--ISNUMBER(SEARCH({"검토","검증","판정","판별","확인","승인","선정","대조","점검","분류","확정","평가","판단","심사","검수","비교","결정","구분","진단","판독","협의"},$AV46)))>0,"검증",IF(SUMPRODUCT(--ISNUMBER(SEARCH({"등록","발송","배포","제출","보고","이관","업로드","비치","공유","통보","알림","축적","저장","안내","제시","전달","회신","게시","기록","전파","제공","공지","요청","지시","배정","회부"},$AV46)))>0,"등록",IF(SUMPRODUCT(--ISNUMBER(SEARCH({"작성","생성","산출","제작","입력","정리","집계","분석","정형화","도출","보정","구성","정렬","반영","수립","설계","보완","요약","번역","정의","산정","갱신","수정","편성","설정","누적","가공","변환","시각화","편집","통합","부여","정제","기입","조정","제거","표시","채번"},$AV46)))>0,"작성","기타"))))) | AZ46: =IF($L46="","",(COUNTIFS($C$6:$C$62,$C46,$AY$6:$AY$62,"조회")>0)+(COUNTIFS($C$6:$C$62,$C46,$AY$6:$AY$62,"작성")>0)+(COUNTIFS($C$6:$C$62,$C46,$AY$6:$AY$62,"검증")>0)+(COUNTIFS($C$6:$C$62,$C46,$AY$6:$AY$62,"등록")>0)) | BA46: =IF($L46="",0,IF($X46="신설",0,COUNTBLANK($N46)+COUNTBLANK($P46)+COUNTBLANK($Q46)+COUNTBLANK($R46)+IF($R46="건별/비정기",COUNTBLANK($T46),IF($R46="",0,COUNTBLANK($S46))))+IF($X46="삭제",0,COUNTBLANK($AC46)+COUNTBLANK($AD46))) -> 0 | BB46: =IF($L46="","",IF(AND($AX46<>"",ISNUMBER(SEARCH($AX46,$AW46))),"L5 이름을 그대로 씀 · ","")&IF(AND($L46<>"",$L46=$Z46),"개선 후 설명이 똑같음 · ","")&IF(COUNTIFS($C$6:$C$62,$C46,$L$6:$L$62,$L46)>1,"같은 내용이 또 있음 · ","")&IF(AND($U46<>"",$U46=$V46),"필요 자료와 산출물이 같음 · ","")&IF(AND($C46=$C5,$V5<>"",$U46<>"",ISERROR(SEARCH(SUBSTITUTE($V5,CHAR(10)," "),SUBSTITUTE($U46,CHAR(10)," "))),ISERROR(SEARCH(SUBSTITUTE($U46,CHAR(10)," "),SUBSTITUTE($V5,CHAR(10)," ")))),"앞 산출물과 이어지지 않음 · ","")&IF(SUMPRODUCT(--ISNUMBER(SEARCH({"관리한다","처리한다","수행한다","진행한다"},$AW46)))>0,"뭉뚱그린 동사 · ","")&IF(ISNUMBER(SEARCH("하고 ",$AW46)),"한 줄에 동작 2개 · ","")&IF(RIGHT($L46,2)<>"한다","~한다 로 안 끝남 · ","")&IF(AND($P46<>"",N($P46)>60),"1건 60분 넘음 — 더 쪼개세요 · ","")&IF(AND($AA46="AI",$AD46<>"",N($AD46)>0),"AI 혼자 하는데 사람 인원 있음 · ","")&IF(AND($AA46="AI+사람",$AD46<>"",N($AD46)=0),"사람이 확인한다는데 인원 0 · ","")&IF(AND($X46="유지",$Y46="AI"),"그대로 두는데 AI 를 쓴다고 함 · ","")&IF(AND($X46="신설",COUNT($P46,$Q46)>0),"새로 생기는 일인데 현재 공수가 있음 · ","")&IF(AND($X46="삭제",COUNT($AC46,$AD46)>0),"없애는 일인데 개선 후 공수가 있음 · ","")&IF(AND($X46<>"신설",N($AH46)>0,N($AI46)>N($AH46)),"개선 후가 지금보다 더 오래 걸림 · ","")) | BC46: =IFERROR(IF($L46="",0,1/$AP46),0) -> 0
K47: =IF($L47="","",$C47&"-"&TEXT(COUNTIFS($C$6:$C47,$C47),"00")) | AH47: =IF(OR($Q47="",$Q47=0,$P47=""),0,ROUND($P47*$Q47*IFERROR(IF($R47="건별/비정기",$T47,VLOOKUP($R47,'04.코드표'!$K$5:$L$8,2,FALSE)*$S47),0)/60,1)) -> 0 | AI47: =IF(OR($AD47="",$AD47=0,$AC47=""),0,ROUND($AC47*$AD47*IFERROR(IF($R47="건별/비정기",$T47,VLOOKUP($R47,'04.코드표'!$K$5:$L$8,2,FALSE)*$S47),0)/60,1)) -> 0 | AJ47: =IF($L47="","",$AH47-$AI47) | AK47: =IF($L47="","",ROUND($AJ47/'04.코드표'!$L$11,2)) | AP47: =IF($L47="","",COUNTIFS($C$6:$C$62,$C47)) | AQ47: =IF($L47="","",IF($AP47=1,"⚠ 1개뿐 — 더 쪼개세요",IF($AP47=2,"△ 2개뿐 — 빠진 단계 확인",IF($AZ47<=2,"△ 하는 일이 "&$AZ47&"가지뿐 — 빠진 단계 확인","○ 좋음 (하는 일 "&$AZ47&"가지)")))) | AR47: =IF($L47="","",IF($BA47=0,"○ 다 채웠음","⚠ "&$BA47&"칸 비었음")) | AS47: =IF($L47="","",IF($BB47="","○ 문제 없음","⚠ "&LEFT($BB47,LEN($BB47)-3))) | AV47: =IF($L47="","",TRIM(RIGHT(SUBSTITUTE($AW47," ",REPT(" ",120)),120))) | AW47: =SUBSTITUTE($L47,CHAR(10)," ") | AX47: =SUBSTITUTE($J47,CHAR(10)," ") | AY47: =IF($L47="","",IF(SUMPRODUCT(--ISNUMBER(SEARCH({"조회","수집","추출","검색","파악","취합","조달","접수","연계","연동","선별","확보","입수","조사","식별","검출","감지","스크랩","필터링"},$AV47)))>0,"조회",IF(SUMPRODUCT(--ISNUMBER(SEARCH({"검토","검증","판정","판별","확인","승인","선정","대조","점검","분류","확정","평가","판단","심사","검수","비교","결정","구분","진단","판독","협의"},$AV47)))>0,"검증",IF(SUMPRODUCT(--ISNUMBER(SEARCH({"등록","발송","배포","제출","보고","이관","업로드","비치","공유","통보","알림","축적","저장","안내","제시","전달","회신","게시","기록","전파","제공","공지","요청","지시","배정","회부"},$AV47)))>0,"등록",IF(SUMPRODUCT(--ISNUMBER(SEARCH({"작성","생성","산출","제작","입력","정리","집계","분석","정형화","도출","보정","구성","정렬","반영","수립","설계","보완","요약","번역","정의","산정","갱신","수정","편성","설정","누적","가공","변환","시각화","편집","통합","부여","정제","기입","조정","제거","표시","채번"},$AV47)))>0,"작성","기타"))))) | AZ47: =IF($L47="","",(COUNTIFS($C$6:$C$62,$C47,$AY$6:$AY$62,"조회")>0)+(COUNTIFS($C$6:$C$62,$C47,$AY$6:$AY$62,"작성")>0)+(COUNTIFS($C$6:$C$62,$C47,$AY$6:$AY$62,"검증")>0)+(COUNTIFS($C$6:$C$62,$C47,$AY$6:$AY$62,"등록")>0)) | BA47: =IF($L47="",0,IF($X47="신설",0,COUNTBLANK($N47)+COUNTBLANK($P47)+COUNTBLANK($Q47)+COUNTBLANK($R47)+IF($R47="건별/비정기",COUNTBLANK($T47),IF($R47="",0,COUNTBLANK($S47))))+IF($X47="삭제",0,COUNTBLANK($AC47)+COUNTBLANK($AD47))) -> 0 | BB47: =IF($L47="","",IF(AND($AX47<>"",ISNUMBER(SEARCH($AX47,$AW47))),"L5 이름을 그대로 씀 · ","")&IF(AND($L47<>"",$L47=$Z47),"개선 후 설명이 똑같음 · ","")&IF(COUNTIFS($C$6:$C$62,$C47,$L$6:$L$62,$L47)>1,"같은 내용이 또 있음 · ","")&IF(AND($U47<>"",$U47=$V47),"필요 자료와 산출물이 같음 · ","")&IF(AND($C47=$C5,$V5<>"",$U47<>"",ISERROR(SEARCH(SUBSTITUTE($V5,CHAR(10)," "),SUBSTITUTE($U47,CHAR(10)," "))),ISERROR(SEARCH(SUBSTITUTE($U47,CHAR(10)," "),SUBSTITUTE($V5,CHAR(10)," ")))),"앞 산출물과 이어지지 않음 · ","")&IF(SUMPRODUCT(--ISNUMBER(SEARCH({"관리한다","처리한다","수행한다","진행한다"},$AW47)))>0,"뭉뚱그린 동사 · ","")&IF(ISNUMBER(SEARCH("하고 ",$AW47)),"한 줄에 동작 2개 · ","")&IF(RIGHT($L47,2)<>"한다","~한다 로 안 끝남 · ","")&IF(AND($P47<>"",N($P47)>60),"1건 60분 넘음 — 더 쪼개세요 · ","")&IF(AND($AA47="AI",$AD47<>"",N($AD47)>0),"AI 혼자 하는데 사람 인원 있음 · ","")&IF(AND($AA47="AI+사람",$AD47<>"",N($AD47)=0),"사람이 확인한다는데 인원 0 · ","")&IF(AND($X47="유지",$Y47="AI"),"그대로 두는데 AI 를 쓴다고 함 · ","")&IF(AND($X47="신설",COUNT($P47,$Q47)>0),"새로 생기는 일인데 현재 공수가 있음 · ","")&IF(AND($X47="삭제",COUNT($AC47,$AD47)>0),"없애는 일인데 개선 후 공수가 있음 · ","")&IF(AND($X47<>"신설",N($AH47)>0,N($AI47)>N($AH47)),"개선 후가 지금보다 더 오래 걸림 · ","")) | BC47: =IFERROR(IF($L47="",0,1/$AP47),0) -> 0
K48: =IF($L48="","",$C48&"-"&TEXT(COUNTIFS($C$6:$C48,$C48),"00")) | AH48: =IF(OR($Q48="",$Q48=0,$P48=""),0,ROUND($P48*$Q48*IFERROR(IF($R48="건별/비정기",$T48,VLOOKUP($R48,'04.코드표'!$K$5:$L$8,2,FALSE)*$S48),0)/60,1)) -> 0 | AI48: =IF(OR($AD48="",$AD48=0,$AC48=""),0,ROUND($AC48*$AD48*IFERROR(IF($R48="건별/비정기",$T48,VLOOKUP($R48,'04.코드표'!$K$5:$L$8,2,FALSE)*$S48),0)/60,1)) -> 0 | AJ48: =IF($L48="","",$AH48-$AI48) | AK48: =IF($L48="","",ROUND($AJ48/'04.코드표'!$L$11,2)) | AP48: =IF($L48="","",COUNTIFS($C$6:$C$62,$C48)) | AQ48: =IF($L48="","",IF($AP48=1,"⚠ 1개뿐 — 더 쪼개세요",IF($AP48=2,"△ 2개뿐 — 빠진 단계 확인",IF($AZ48<=2,"△ 하는 일이 "&$AZ48&"가지뿐 — 빠진 단계 확인","○ 좋음 (하는 일 "&$AZ48&"가지)")))) | AR48: =IF($L48="","",IF($BA48=0,"○ 다 채웠음","⚠ "&$BA48&"칸 비었음")) | AS48: =IF($L48="","",IF($BB48="","○ 문제 없음","⚠ "&LEFT($BB48,LEN($BB48)-3))) | AV48: =IF($L48="","",TRIM(RIGHT(SUBSTITUTE($AW48," ",REPT(" ",120)),120))) | AW48: =SUBSTITUTE($L48,CHAR(10)," ") | AX48: =SUBSTITUTE($J48,CHAR(10)," ") | AY48: =IF($L48="","",IF(SUMPRODUCT(--ISNUMBER(SEARCH({"조회","수집","추출","검색","파악","취합","조달","접수","연계","연동","선별","확보","입수","조사","식별","검출","감지","스크랩","필터링"},$AV48)))>0,"조회",IF(SUMPRODUCT(--ISNUMBER(SEARCH({"검토","검증","판정","판별","확인","승인","선정","대조","점검","분류","확정","평가","판단","심사","검수","비교","결정","구분","진단","판독","협의"},$AV48)))>0,"검증",IF(SUMPRODUCT(--ISNUMBER(SEARCH({"등록","발송","배포","제출","보고","이관","업로드","비치","공유","통보","알림","축적","저장","안내","제시","전달","회신","게시","기록","전파","제공","공지","요청","지시","배정","회부"},$AV48)))>0,"등록",IF(SUMPRODUCT(--ISNUMBER(SEARCH({"작성","생성","산출","제작","입력","정리","집계","분석","정형화","도출","보정","구성","정렬","반영","수립","설계","보완","요약","번역","정의","산정","갱신","수정","편성","설정","누적","가공","변환","시각화","편집","통합","부여","정제","기입","조정","제거","표시","채번"},$AV48)))>0,"작성","기타"))))) | AZ48: =IF($L48="","",(COUNTIFS($C$6:$C$62,$C48,$AY$6:$AY$62,"조회")>0)+(COUNTIFS($C$6:$C$62,$C48,$AY$6:$AY$62,"작성")>0)+(COUNTIFS($C$6:$C$62,$C48,$AY$6:$AY$62,"검증")>0)+(COUNTIFS($C$6:$C$62,$C48,$AY$6:$AY$62,"등록")>0)) | BA48: =IF($L48="",0,IF($X48="신설",0,COUNTBLANK($N48)+COUNTBLANK($P48)+COUNTBLANK($Q48)+COUNTBLANK($R48)+IF($R48="건별/비정기",COUNTBLANK($T48),IF($R48="",0,COUNTBLANK($S48))))+IF($X48="삭제",0,COUNTBLANK($AC48)+COUNTBLANK($AD48))) -> 0 | BB48: =IF($L48="","",IF(AND($AX48<>"",ISNUMBER(SEARCH($AX48,$AW48))),"L5 이름을 그대로 씀 · ","")&IF(AND($L48<>"",$L48=$Z48),"개선 후 설명이 똑같음 · ","")&IF(COUNTIFS($C$6:$C$62,$C48,$L$6:$L$62,$L48)>1,"같은 내용이 또 있음 · ","")&IF(AND($U48<>"",$U48=$V48),"필요 자료와 산출물이 같음 · ","")&IF(AND($C48=$C5,$V5<>"",$U48<>"",ISERROR(SEARCH(SUBSTITUTE($V5,CHAR(10)," "),SUBSTITUTE($U48,CHAR(10)," "))),ISERROR(SEARCH(SUBSTITUTE($U48,CHAR(10)," "),SUBSTITUTE($V5,CHAR(10)," ")))),"앞 산출물과 이어지지 않음 · ","")&IF(SUMPRODUCT(--ISNUMBER(SEARCH({"관리한다","처리한다","수행한다","진행한다"},$AW48)))>0,"뭉뚱그린 동사 · ","")&IF(ISNUMBER(SEARCH("하고 ",$AW48)),"한 줄에 동작 2개 · ","")&IF(RIGHT($L48,2)<>"한다","~한다 로 안 끝남 · ","")&IF(AND($P48<>"",N($P48)>60),"1건 60분 넘음 — 더 쪼개세요 · ","")&IF(AND($AA48="AI",$AD48<>"",N($AD48)>0),"AI 혼자 하는데 사람 인원 있음 · ","")&IF(AND($AA48="AI+사람",$AD48<>"",N($AD48)=0),"사람이 확인한다는데 인원 0 · ","")&IF(AND($X48="유지",$Y48="AI"),"그대로 두는데 AI 를 쓴다고 함 · ","")&IF(AND($X48="신설",COUNT($P48,$Q48)>0),"새로 생기는 일인데 현재 공수가 있음 · ","")&IF(AND($X48="삭제",COUNT($AC48,$AD48)>0),"없애는 일인데 개선 후 공수가 있음 · ","")&IF(AND($X48<>"신설",N($AH48)>0,N($AI48)>N($AH48)),"개선 후가 지금보다 더 오래 걸림 · ","")) | BC48: =IFERROR(IF($L48="",0,1/$AP48),0) -> 0
K49: =IF($L49="","",$C49&"-"&TEXT(COUNTIFS($C$6:$C49,$C49),"00")) | AH49: =IF(OR($Q49="",$Q49=0,$P49=""),0,ROUND($P49*$Q49*IFERROR(IF($R49="건별/비정기",$T49,VLOOKUP($R49,'04.코드표'!$K$5:$L$8,2,FALSE)*$S49),0)/60,1)) -> 0 | AI49: =IF(OR($AD49="",$AD49=0,$AC49=""),0,ROUND($AC49*$AD49*IFERROR(IF($R49="건별/비정기",$T49,VLOOKUP($R49,'04.코드표'!$K$5:$L$8,2,FALSE)*$S49),0)/60,1)) -> 0 | AJ49: =IF($L49="","",$AH49-$AI49) | AK49: =IF($L49="","",ROUND($AJ49/'04.코드표'!$L$11,2)) | AP49: =IF($L49="","",COUNTIFS($C$6:$C$62,$C49)) | AQ49: =IF($L49="","",IF($AP49=1,"⚠ 1개뿐 — 더 쪼개세요",IF($AP49=2,"△ 2개뿐 — 빠진 단계 확인",IF($AZ49<=2,"△ 하는 일이 "&$AZ49&"가지뿐 — 빠진 단계 확인","○ 좋음 (하는 일 "&$AZ49&"가지)")))) | AR49: =IF($L49="","",IF($BA49=0,"○ 다 채웠음","⚠ "&$BA49&"칸 비었음")) | AS49: =IF($L49="","",IF($BB49="","○ 문제 없음","⚠ "&LEFT($BB49,LEN($BB49)-3))) | AV49: =IF($L49="","",TRIM(RIGHT(SUBSTITUTE($AW49," ",REPT(" ",120)),120))) | AW49: =SUBSTITUTE($L49,CHAR(10)," ") | AX49: =SUBSTITUTE($J49,CHAR(10)," ") | AY49: =IF($L49="","",IF(SUMPRODUCT(--ISNUMBER(SEARCH({"조회","수집","추출","검색","파악","취합","조달","접수","연계","연동","선별","확보","입수","조사","식별","검출","감지","스크랩","필터링"},$AV49)))>0,"조회",IF(SUMPRODUCT(--ISNUMBER(SEARCH({"검토","검증","판정","판별","확인","승인","선정","대조","점검","분류","확정","평가","판단","심사","검수","비교","결정","구분","진단","판독","협의"},$AV49)))>0,"검증",IF(SUMPRODUCT(--ISNUMBER(SEARCH({"등록","발송","배포","제출","보고","이관","업로드","비치","공유","통보","알림","축적","저장","안내","제시","전달","회신","게시","기록","전파","제공","공지","요청","지시","배정","회부"},$AV49)))>0,"등록",IF(SUMPRODUCT(--ISNUMBER(SEARCH({"작성","생성","산출","제작","입력","정리","집계","분석","정형화","도출","보정","구성","정렬","반영","수립","설계","보완","요약","번역","정의","산정","갱신","수정","편성","설정","누적","가공","변환","시각화","편집","통합","부여","정제","기입","조정","제거","표시","채번"},$AV49)))>0,"작성","기타"))))) | AZ49: =IF($L49="","",(COUNTIFS($C$6:$C$62,$C49,$AY$6:$AY$62,"조회")>0)+(COUNTIFS($C$6:$C$62,$C49,$AY$6:$AY$62,"작성")>0)+(COUNTIFS($C$6:$C$62,$C49,$AY$6:$AY$62,"검증")>0)+(COUNTIFS($C$6:$C$62,$C49,$AY$6:$AY$62,"등록")>0)) | BA49: =IF($L49="",0,IF($X49="신설",0,COUNTBLANK($N49)+COUNTBLANK($P49)+COUNTBLANK($Q49)+COUNTBLANK($R49)+IF($R49="건별/비정기",COUNTBLANK($T49),IF($R49="",0,COUNTBLANK($S49))))+IF($X49="삭제",0,COUNTBLANK($AC49)+COUNTBLANK($AD49))) -> 0 | BB49: =IF($L49="","",IF(AND($AX49<>"",ISNUMBER(SEARCH($AX49,$AW49))),"L5 이름을 그대로 씀 · ","")&IF(AND($L49<>"",$L49=$Z49),"개선 후 설명이 똑같음 · ","")&IF(COUNTIFS($C$6:$C$62,$C49,$L$6:$L$62,$L49)>1,"같은 내용이 또 있음 · ","")&IF(AND($U49<>"",$U49=$V49),"필요 자료와 산출물이 같음 · ","")&IF(AND($C49=$C5,$V5<>"",$U49<>"",ISERROR(SEARCH(SUBSTITUTE($V5,CHAR(10)," "),SUBSTITUTE($U49,CHAR(10)," "))),ISERROR(SEARCH(SUBSTITUTE($U49,CHAR(10)," "),SUBSTITUTE($V5,CHAR(10)," ")))),"앞 산출물과 이어지지 않음 · ","")&IF(SUMPRODUCT(--ISNUMBER(SEARCH({"관리한다","처리한다","수행한다","진행한다"},$AW49)))>0,"뭉뚱그린 동사 · ","")&IF(ISNUMBER(SEARCH("하고 ",$AW49)),"한 줄에 동작 2개 · ","")&IF(RIGHT($L49,2)<>"한다","~한다 로 안 끝남 · ","")&IF(AND($P49<>"",N($P49)>60),"1건 60분 넘음 — 더 쪼개세요 · ","")&IF(AND($AA49="AI",$AD49<>"",N($AD49)>0),"AI 혼자 하는데 사람 인원 있음 · ","")&IF(AND($AA49="AI+사람",$AD49<>"",N($AD49)=0),"사람이 확인한다는데 인원 0 · ","")&IF(AND($X49="유지",$Y49="AI"),"그대로 두는데 AI 를 쓴다고 함 · ","")&IF(AND($X49="신설",COUNT($P49,$Q49)>0),"새로 생기는 일인데 현재 공수가 있음 · ","")&IF(AND($X49="삭제",COUNT($AC49,$AD49)>0),"없애는 일인데 개선 후 공수가 있음 · ","")&IF(AND($X49<>"신설",N($AH49)>0,N($AI49)>N($AH49)),"개선 후가 지금보다 더 오래 걸림 · ","")) | BC49: =IFERROR(IF($L49="",0,1/$AP49),0) -> 0
K50: =IF($L50="","",$C50&"-"&TEXT(COUNTIFS($C$6:$C50,$C50),"00")) | AH50: =IF(OR($Q50="",$Q50=0,$P50=""),0,ROUND($P50*$Q50*IFERROR(IF($R50="건별/비정기",$T50,VLOOKUP($R50,'04.코드표'!$K$5:$L$8,2,FALSE)*$S50),0)/60,1)) -> 0 | AI50: =IF(OR($AD50="",$AD50=0,$AC50=""),0,ROUND($AC50*$AD50*IFERROR(IF($R50="건별/비정기",$T50,VLOOKUP($R50,'04.코드표'!$K$5:$L$8,2,FALSE)*$S50),0)/60,1)) -> 0 | AJ50: =IF($L50="","",$AH50-$AI50) | AK50: =IF($L50="","",ROUND($AJ50/'04.코드표'!$L$11,2)) | AP50: =IF($L50="","",COUNTIFS($C$6:$C$62,$C50)) | AQ50: =IF($L50="","",IF($AP50=1,"⚠ 1개뿐 — 더 쪼개세요",IF($AP50=2,"△ 2개뿐 — 빠진 단계 확인",IF($AZ50<=2,"△ 하는 일이 "&$AZ50&"가지뿐 — 빠진 단계 확인","○ 좋음 (하는 일 "&$AZ50&"가지)")))) | AR50: =IF($L50="","",IF($BA50=0,"○ 다 채웠음","⚠ "&$BA50&"칸 비었음")) | AS50: =IF($L50="","",IF($BB50="","○ 문제 없음","⚠ "&LEFT($BB50,LEN($BB50)-3))) | AV50: =IF($L50="","",TRIM(RIGHT(SUBSTITUTE($AW50," ",REPT(" ",120)),120))) | AW50: =SUBSTITUTE($L50,CHAR(10)," ") | AX50: =SUBSTITUTE($J50,CHAR(10)," ") | AY50: =IF($L50="","",IF(SUMPRODUCT(--ISNUMBER(SEARCH({"조회","수집","추출","검색","파악","취합","조달","접수","연계","연동","선별","확보","입수","조사","식별","검출","감지","스크랩","필터링"},$AV50)))>0,"조회",IF(SUMPRODUCT(--ISNUMBER(SEARCH({"검토","검증","판정","판별","확인","승인","선정","대조","점검","분류","확정","평가","판단","심사","검수","비교","결정","구분","진단","판독","협의"},$AV50)))>0,"검증",IF(SUMPRODUCT(--ISNUMBER(SEARCH({"등록","발송","배포","제출","보고","이관","업로드","비치","공유","통보","알림","축적","저장","안내","제시","전달","회신","게시","기록","전파","제공","공지","요청","지시","배정","회부"},$AV50)))>0,"등록",IF(SUMPRODUCT(--ISNUMBER(SEARCH({"작성","생성","산출","제작","입력","정리","집계","분석","정형화","도출","보정","구성","정렬","반영","수립","설계","보완","요약","번역","정의","산정","갱신","수정","편성","설정","누적","가공","변환","시각화","편집","통합","부여","정제","기입","조정","제거","표시","채번"},$AV50)))>0,"작성","기타"))))) | AZ50: =IF($L50="","",(COUNTIFS($C$6:$C$62,$C50,$AY$6:$AY$62,"조회")>0)+(COUNTIFS($C$6:$C$62,$C50,$AY$6:$AY$62,"작성")>0)+(COUNTIFS($C$6:$C$62,$C50,$AY$6:$AY$62,"검증")>0)+(COUNTIFS($C$6:$C$62,$C50,$AY$6:$AY$62,"등록")>0)) | BA50: =IF($L50="",0,IF($X50="신설",0,COUNTBLANK($N50)+COUNTBLANK($P50)+COUNTBLANK($Q50)+COUNTBLANK($R50)+IF($R50="건별/비정기",COUNTBLANK($T50),IF($R50="",0,COUNTBLANK($S50))))+IF($X50="삭제",0,COUNTBLANK($AC50)+COUNTBLANK($AD50))) -> 0 | BB50: =IF($L50="","",IF(AND($AX50<>"",ISNUMBER(SEARCH($AX50,$AW50))),"L5 이름을 그대로 씀 · ","")&IF(AND($L50<>"",$L50=$Z50),"개선 후 설명이 똑같음 · ","")&IF(COUNTIFS($C$6:$C$62,$C50,$L$6:$L$62,$L50)>1,"같은 내용이 또 있음 · ","")&IF(AND($U50<>"",$U50=$V50),"필요 자료와 산출물이 같음 · ","")&IF(AND($C50=$C5,$V5<>"",$U50<>"",ISERROR(SEARCH(SUBSTITUTE($V5,CHAR(10)," "),SUBSTITUTE($U50,CHAR(10)," "))),ISERROR(SEARCH(SUBSTITUTE($U50,CHAR(10)," "),SUBSTITUTE($V5,CHAR(10)," ")))),"앞 산출물과 이어지지 않음 · ","")&IF(SUMPRODUCT(--ISNUMBER(SEARCH({"관리한다","처리한다","수행한다","진행한다"},$AW50)))>0,"뭉뚱그린 동사 · ","")&IF(ISNUMBER(SEARCH("하고 ",$AW50)),"한 줄에 동작 2개 · ","")&IF(RIGHT($L50,2)<>"한다","~한다 로 안 끝남 · ","")&IF(AND($P50<>"",N($P50)>60),"1건 60분 넘음 — 더 쪼개세요 · ","")&IF(AND($AA50="AI",$AD50<>"",N($AD50)>0),"AI 혼자 하는데 사람 인원 있음 · ","")&IF(AND($AA50="AI+사람",$AD50<>"",N($AD50)=0),"사람이 확인한다는데 인원 0 · ","")&IF(AND($X50="유지",$Y50="AI"),"그대로 두는데 AI 를 쓴다고 함 · ","")&IF(AND($X50="신설",COUNT($P50,$Q50)>0),"새로 생기는 일인데 현재 공수가 있음 · ","")&IF(AND($X50="삭제",COUNT($AC50,$AD50)>0),"없애는 일인데 개선 후 공수가 있음 · ","")&IF(AND($X50<>"신설",N($AH50)>0,N($AI50)>N($AH50)),"개선 후가 지금보다 더 오래 걸림 · ","")) | BC50: =IFERROR(IF($L50="",0,1/$AP50),0) -> 0
K51: =IF($L51="","",$C51&"-"&TEXT(COUNTIFS($C$6:$C51,$C51),"00")) | AH51: =IF(OR($Q51="",$Q51=0,$P51=""),0,ROUND($P51*$Q51*IFERROR(IF($R51="건별/비정기",$T51,VLOOKUP($R51,'04.코드표'!$K$5:$L$8,2,FALSE)*$S51),0)/60,1)) -> 0 | AI51: =IF(OR($AD51="",$AD51=0,$AC51=""),0,ROUND($AC51*$AD51*IFERROR(IF($R51="건별/비정기",$T51,VLOOKUP($R51,'04.코드표'!$K$5:$L$8,2,FALSE)*$S51),0)/60,1)) -> 0 | AJ51: =IF($L51="","",$AH51-$AI51) | AK51: =IF($L51="","",ROUND($AJ51/'04.코드표'!$L$11,2)) | AP51: =IF($L51="","",COUNTIFS($C$6:$C$62,$C51)) | AQ51: =IF($L51="","",IF($AP51=1,"⚠ 1개뿐 — 더 쪼개세요",IF($AP51=2,"△ 2개뿐 — 빠진 단계 확인",IF($AZ51<=2,"△ 하는 일이 "&$AZ51&"가지뿐 — 빠진 단계 확인","○ 좋음 (하는 일 "&$AZ51&"가지)")))) | AR51: =IF($L51="","",IF($BA51=0,"○ 다 채웠음","⚠ "&$BA51&"칸 비었음")) | AS51: =IF($L51="","",IF($BB51="","○ 문제 없음","⚠ "&LEFT($BB51,LEN($BB51)-3))) | AV51: =IF($L51="","",TRIM(RIGHT(SUBSTITUTE($AW51," ",REPT(" ",120)),120))) | AW51: =SUBSTITUTE($L51,CHAR(10)," ") | AX51: =SUBSTITUTE($J51,CHAR(10)," ") | AY51: =IF($L51="","",IF(SUMPRODUCT(--ISNUMBER(SEARCH({"조회","수집","추출","검색","파악","취합","조달","접수","연계","연동","선별","확보","입수","조사","식별","검출","감지","스크랩","필터링"},$AV51)))>0,"조회",IF(SUMPRODUCT(--ISNUMBER(SEARCH({"검토","검증","판정","판별","확인","승인","선정","대조","점검","분류","확정","평가","판단","심사","검수","비교","결정","구분","진단","판독","협의"},$AV51)))>0,"검증",IF(SUMPRODUCT(--ISNUMBER(SEARCH({"등록","발송","배포","제출","보고","이관","업로드","비치","공유","통보","알림","축적","저장","안내","제시","전달","회신","게시","기록","전파","제공","공지","요청","지시","배정","회부"},$AV51)))>0,"등록",IF(SUMPRODUCT(--ISNUMBER(SEARCH({"작성","생성","산출","제작","입력","정리","집계","분석","정형화","도출","보정","구성","정렬","반영","수립","설계","보완","요약","번역","정의","산정","갱신","수정","편성","설정","누적","가공","변환","시각화","편집","통합","부여","정제","기입","조정","제거","표시","채번"},$AV51)))>0,"작성","기타"))))) | AZ51: =IF($L51="","",(COUNTIFS($C$6:$C$62,$C51,$AY$6:$AY$62,"조회")>0)+(COUNTIFS($C$6:$C$62,$C51,$AY$6:$AY$62,"작성")>0)+(COUNTIFS($C$6:$C$62,$C51,$AY$6:$AY$62,"검증")>0)+(COUNTIFS($C$6:$C$62,$C51,$AY$6:$AY$62,"등록")>0)) | BA51: =IF($L51="",0,IF($X51="신설",0,COUNTBLANK($N51)+COUNTBLANK($P51)+COUNTBLANK($Q51)+COUNTBLANK($R51)+IF($R51="건별/비정기",COUNTBLANK($T51),IF($R51="",0,COUNTBLANK($S51))))+IF($X51="삭제",0,COUNTBLANK($AC51)+COUNTBLANK($AD51))) -> 0 | BB51: =IF($L51="","",IF(AND($AX51<>"",ISNUMBER(SEARCH($AX51,$AW51))),"L5 이름을 그대로 씀 · ","")&IF(AND($L51<>"",$L51=$Z51),"개선 후 설명이 똑같음 · ","")&IF(COUNTIFS($C$6:$C$62,$C51,$L$6:$L$62,$L51)>1,"같은 내용이 또 있음 · ","")&IF(AND($U51<>"",$U51=$V51),"필요 자료와 산출물이 같음 · ","")&IF(AND($C51=$C5,$V5<>"",$U51<>"",ISERROR(SEARCH(SUBSTITUTE($V5,CHAR(10)," "),SUBSTITUTE($U51,CHAR(10)," "))),ISERROR(SEARCH(SUBSTITUTE($U51,CHAR(10)," "),SUBSTITUTE($V5,CHAR(10)," ")))),"앞 산출물과 이어지지 않음 · ","")&IF(SUMPRODUCT(--ISNUMBER(SEARCH({"관리한다","처리한다","수행한다","진행한다"},$AW51)))>0,"뭉뚱그린 동사 · ","")&IF(ISNUMBER(SEARCH("하고 ",$AW51)),"한 줄에 동작 2개 · ","")&IF(RIGHT($L51,2)<>"한다","~한다 로 안 끝남 · ","")&IF(AND($P51<>"",N($P51)>60),"1건 60분 넘음 — 더 쪼개세요 · ","")&IF(AND($AA51="AI",$AD51<>"",N($AD51)>0),"AI 혼자 하는데 사람 인원 있음 · ","")&IF(AND($AA51="AI+사람",$AD51<>"",N($AD51)=0),"사람이 확인한다는데 인원 0 · ","")&IF(AND($X51="유지",$Y51="AI"),"그대로 두는데 AI 를 쓴다고 함 · ","")&IF(AND($X51="신설",COUNT($P51,$Q51)>0),"새로 생기는 일인데 현재 공수가 있음 · ","")&IF(AND($X51="삭제",COUNT($AC51,$AD51)>0),"없애는 일인데 개선 후 공수가 있음 · ","")&IF(AND($X51<>"신설",N($AH51)>0,N($AI51)>N($AH51)),"개선 후가 지금보다 더 오래 걸림 · ","")) | BC51: =IFERROR(IF($L51="",0,1/$AP51),0) -> 0
K52: =IF($L52="","",$C52&"-"&TEXT(COUNTIFS($C$6:$C52,$C52),"00")) | AH52: =IF(OR($Q52="",$Q52=0,$P52=""),0,ROUND($P52*$Q52*IFERROR(IF($R52="건별/비정기",$T52,VLOOKUP($R52,'04.코드표'!$K$5:$L$8,2,FALSE)*$S52),0)/60,1)) -> 0 | AI52: =IF(OR($AD52="",$AD52=0,$AC52=""),0,ROUND($AC52*$AD52*IFERROR(IF($R52="건별/비정기",$T52,VLOOKUP($R52,'04.코드표'!$K$5:$L$8,2,FALSE)*$S52),0)/60,1)) -> 0 | AJ52: =IF($L52="","",$AH52-$AI52) | AK52: =IF($L52="","",ROUND($AJ52/'04.코드표'!$L$11,2)) | AP52: =IF($L52="","",COUNTIFS($C$6:$C$62,$C52)) | AQ52: =IF($L52="","",IF($AP52=1,"⚠ 1개뿐 — 더 쪼개세요",IF($AP52=2,"△ 2개뿐 — 빠진 단계 확인",IF($AZ52<=2,"△ 하는 일이 "&$AZ52&"가지뿐 — 빠진 단계 확인","○ 좋음 (하는 일 "&$AZ52&"가지)")))) | AR52: =IF($L52="","",IF($BA52=0,"○ 다 채웠음","⚠ "&$BA52&"칸 비었음")) | AS52: =IF($L52="","",IF($BB52="","○ 문제 없음","⚠ "&LEFT($BB52,LEN($BB52)-3))) | AV52: =IF($L52="","",TRIM(RIGHT(SUBSTITUTE($AW52," ",REPT(" ",120)),120))) | AW52: =SUBSTITUTE($L52,CHAR(10)," ") | AX52: =SUBSTITUTE($J52,CHAR(10)," ") | AY52: =IF($L52="","",IF(SUMPRODUCT(--ISNUMBER(SEARCH({"조회","수집","추출","검색","파악","취합","조달","접수","연계","연동","선별","확보","입수","조사","식별","검출","감지","스크랩","필터링"},$AV52)))>0,"조회",IF(SUMPRODUCT(--ISNUMBER(SEARCH({"검토","검증","판정","판별","확인","승인","선정","대조","점검","분류","확정","평가","판단","심사","검수","비교","결정","구분","진단","판독","협의"},$AV52)))>0,"검증",IF(SUMPRODUCT(--ISNUMBER(SEARCH({"등록","발송","배포","제출","보고","이관","업로드","비치","공유","통보","알림","축적","저장","안내","제시","전달","회신","게시","기록","전파","제공","공지","요청","지시","배정","회부"},$AV52)))>0,"등록",IF(SUMPRODUCT(--ISNUMBER(SEARCH({"작성","생성","산출","제작","입력","정리","집계","분석","정형화","도출","보정","구성","정렬","반영","수립","설계","보완","요약","번역","정의","산정","갱신","수정","편성","설정","누적","가공","변환","시각화","편집","통합","부여","정제","기입","조정","제거","표시","채번"},$AV52)))>0,"작성","기타"))))) | AZ52: =IF($L52="","",(COUNTIFS($C$6:$C$62,$C52,$AY$6:$AY$62,"조회")>0)+(COUNTIFS($C$6:$C$62,$C52,$AY$6:$AY$62,"작성")>0)+(COUNTIFS($C$6:$C$62,$C52,$AY$6:$AY$62,"검증")>0)+(COUNTIFS($C$6:$C$62,$C52,$AY$6:$AY$62,"등록")>0)) | BA52: =IF($L52="",0,IF($X52="신설",0,COUNTBLANK($N52)+COUNTBLANK($P52)+COUNTBLANK($Q52)+COUNTBLANK($R52)+IF($R52="건별/비정기",COUNTBLANK($T52),IF($R52="",0,COUNTBLANK($S52))))+IF($X52="삭제",0,COUNTBLANK($AC52)+COUNTBLANK($AD52))) -> 0 | BB52: =IF($L52="","",IF(AND($AX52<>"",ISNUMBER(SEARCH($AX52,$AW52))),"L5 이름을 그대로 씀 · ","")&IF(AND($L52<>"",$L52=$Z52),"개선 후 설명이 똑같음 · ","")&IF(COUNTIFS($C$6:$C$62,$C52,$L$6:$L$62,$L52)>1,"같은 내용이 또 있음 · ","")&IF(AND($U52<>"",$U52=$V52),"필요 자료와 산출물이 같음 · ","")&IF(AND($C52=$C5,$V5<>"",$U52<>"",ISERROR(SEARCH(SUBSTITUTE($V5,CHAR(10)," "),SUBSTITUTE($U52,CHAR(10)," "))),ISERROR(SEARCH(SUBSTITUTE($U52,CHAR(10)," "),SUBSTITUTE($V5,CHAR(10)," ")))),"앞 산출물과 이어지지 않음 · ","")&IF(SUMPRODUCT(--ISNUMBER(SEARCH({"관리한다","처리한다","수행한다","진행한다"},$AW52)))>0,"뭉뚱그린 동사 · ","")&IF(ISNUMBER(SEARCH("하고 ",$AW52)),"한 줄에 동작 2개 · ","")&IF(RIGHT($L52,2)<>"한다","~한다 로 안 끝남 · ","")&IF(AND($P52<>"",N($P52)>60),"1건 60분 넘음 — 더 쪼개세요 · ","")&IF(AND($AA52="AI",$AD52<>"",N($AD52)>0),"AI 혼자 하는데 사람 인원 있음 · ","")&IF(AND($AA52="AI+사람",$AD52<>"",N($AD52)=0),"사람이 확인한다는데 인원 0 · ","")&IF(AND($X52="유지",$Y52="AI"),"그대로 두는데 AI 를 쓴다고 함 · ","")&IF(AND($X52="신설",COUNT($P52,$Q52)>0),"새로 생기는 일인데 현재 공수가 있음 · ","")&IF(AND($X52="삭제",COUNT($AC52,$AD52)>0),"없애는 일인데 개선 후 공수가 있음 · ","")&IF(AND($X52<>"신설",N($AH52)>0,N($AI52)>N($AH52)),"개선 후가 지금보다 더 오래 걸림 · ","")) | BC52: =IFERROR(IF($L52="",0,1/$AP52),0) -> 0
K53: =IF($L53="","",$C53&"-"&TEXT(COUNTIFS($C$6:$C53,$C53),"00")) | AH53: =IF(OR($Q53="",$Q53=0,$P53=""),0,ROUND($P53*$Q53*IFERROR(IF($R53="건별/비정기",$T53,VLOOKUP($R53,'04.코드표'!$K$5:$L$8,2,FALSE)*$S53),0)/60,1)) -> 0 | AI53: =IF(OR($AD53="",$AD53=0,$AC53=""),0,ROUND($AC53*$AD53*IFERROR(IF($R53="건별/비정기",$T53,VLOOKUP($R53,'04.코드표'!$K$5:$L$8,2,FALSE)*$S53),0)/60,1)) -> 0 | AJ53: =IF($L53="","",$AH53-$AI53) | AK53: =IF($L53="","",ROUND($AJ53/'04.코드표'!$L$11,2)) | AP53: =IF($L53="","",COUNTIFS($C$6:$C$62,$C53)) | AQ53: =IF($L53="","",IF($AP53=1,"⚠ 1개뿐 — 더 쪼개세요",IF($AP53=2,"△ 2개뿐 — 빠진 단계 확인",IF($AZ53<=2,"△ 하는 일이 "&$AZ53&"가지뿐 — 빠진 단계 확인","○ 좋음 (하는 일 "&$AZ53&"가지)")))) | AR53: =IF($L53="","",IF($BA53=0,"○ 다 채웠음","⚠ "&$BA53&"칸 비었음")) | AS53: =IF($L53="","",IF($BB53="","○ 문제 없음","⚠ "&LEFT($BB53,LEN($BB53)-3))) | AV53: =IF($L53="","",TRIM(RIGHT(SUBSTITUTE($AW53," ",REPT(" ",120)),120))) | AW53: =SUBSTITUTE($L53,CHAR(10)," ") | AX53: =SUBSTITUTE($J53,CHAR(10)," ") | AY53: =IF($L53="","",IF(SUMPRODUCT(--ISNUMBER(SEARCH({"조회","수집","추출","검색","파악","취합","조달","접수","연계","연동","선별","확보","입수","조사","식별","검출","감지","스크랩","필터링"},$AV53)))>0,"조회",IF(SUMPRODUCT(--ISNUMBER(SEARCH({"검토","검증","판정","판별","확인","승인","선정","대조","점검","분류","확정","평가","판단","심사","검수","비교","결정","구분","진단","판독","협의"},$AV53)))>0,"검증",IF(SUMPRODUCT(--ISNUMBER(SEARCH({"등록","발송","배포","제출","보고","이관","업로드","비치","공유","통보","알림","축적","저장","안내","제시","전달","회신","게시","기록","전파","제공","공지","요청","지시","배정","회부"},$AV53)))>0,"등록",IF(SUMPRODUCT(--ISNUMBER(SEARCH({"작성","생성","산출","제작","입력","정리","집계","분석","정형화","도출","보정","구성","정렬","반영","수립","설계","보완","요약","번역","정의","산정","갱신","수정","편성","설정","누적","가공","변환","시각화","편집","통합","부여","정제","기입","조정","제거","표시","채번"},$AV53)))>0,"작성","기타"))))) | AZ53: =IF($L53="","",(COUNTIFS($C$6:$C$62,$C53,$AY$6:$AY$62,"조회")>0)+(COUNTIFS($C$6:$C$62,$C53,$AY$6:$AY$62,"작성")>0)+(COUNTIFS($C$6:$C$62,$C53,$AY$6:$AY$62,"검증")>0)+(COUNTIFS($C$6:$C$62,$C53,$AY$6:$AY$62,"등록")>0)) | BA53: =IF($L53="",0,IF($X53="신설",0,COUNTBLANK($N53)+COUNTBLANK($P53)+COUNTBLANK($Q53)+COUNTBLANK($R53)+IF($R53="건별/비정기",COUNTBLANK($T53),IF($R53="",0,COUNTBLANK($S53))))+IF($X53="삭제",0,COUNTBLANK($AC53)+COUNTBLANK($AD53))) -> 0 | BB53: =IF($L53="","",IF(AND($AX53<>"",ISNUMBER(SEARCH($AX53,$AW53))),"L5 이름을 그대로 씀 · ","")&IF(AND($L53<>"",$L53=$Z53),"개선 후 설명이 똑같음 · ","")&IF(COUNTIFS($C$6:$C$62,$C53,$L$6:$L$62,$L53)>1,"같은 내용이 또 있음 · ","")&IF(AND($U53<>"",$U53=$V53),"필요 자료와 산출물이 같음 · ","")&IF(AND($C53=$C5,$V5<>"",$U53<>"",ISERROR(SEARCH(SUBSTITUTE($V5,CHAR(10)," "),SUBSTITUTE($U53,CHAR(10)," "))),ISERROR(SEARCH(SUBSTITUTE($U53,CHAR(10)," "),SUBSTITUTE($V5,CHAR(10)," ")))),"앞 산출물과 이어지지 않음 · ","")&IF(SUMPRODUCT(--ISNUMBER(SEARCH({"관리한다","처리한다","수행한다","진행한다"},$AW53)))>0,"뭉뚱그린 동사 · ","")&IF(ISNUMBER(SEARCH("하고 ",$AW53)),"한 줄에 동작 2개 · ","")&IF(RIGHT($L53,2)<>"한다","~한다 로 안 끝남 · ","")&IF(AND($P53<>"",N($P53)>60),"1건 60분 넘음 — 더 쪼개세요 · ","")&IF(AND($AA53="AI",$AD53<>"",N($AD53)>0),"AI 혼자 하는데 사람 인원 있음 · ","")&IF(AND($AA53="AI+사람",$AD53<>"",N($AD53)=0),"사람이 확인한다는데 인원 0 · ","")&IF(AND($X53="유지",$Y53="AI"),"그대로 두는데 AI 를 쓴다고 함 · ","")&IF(AND($X53="신설",COUNT($P53,$Q53)>0),"새로 생기는 일인데 현재 공수가 있음 · ","")&IF(AND($X53="삭제",COUNT($AC53,$AD53)>0),"없애는 일인데 개선 후 공수가 있음 · ","")&IF(AND($X53<>"신설",N($AH53)>0,N($AI53)>N($AH53)),"개선 후가 지금보다 더 오래 걸림 · ","")) | BC53: =IFERROR(IF($L53="",0,1/$AP53),0) -> 0
K54: =IF($L54="","",$C54&"-"&TEXT(COUNTIFS($C$6:$C54,$C54),"00")) | AH54: =IF(OR($Q54="",$Q54=0,$P54=""),0,ROUND($P54*$Q54*IFERROR(IF($R54="건별/비정기",$T54,VLOOKUP($R54,'04.코드표'!$K$5:$L$8,2,FALSE)*$S54),0)/60,1)) -> 0 | AI54: =IF(OR($AD54="",$AD54=0,$AC54=""),0,ROUND($AC54*$AD54*IFERROR(IF($R54="건별/비정기",$T54,VLOOKUP($R54,'04.코드표'!$K$5:$L$8,2,FALSE)*$S54),0)/60,1)) -> 0 | AJ54: =IF($L54="","",$AH54-$AI54) | AK54: =IF($L54="","",ROUND($AJ54/'04.코드표'!$L$11,2)) | AP54: =IF($L54="","",COUNTIFS($C$6:$C$62,$C54)) | AQ54: =IF($L54="","",IF($AP54=1,"⚠ 1개뿐 — 더 쪼개세요",IF($AP54=2,"△ 2개뿐 — 빠진 단계 확인",IF($AZ54<=2,"△ 하는 일이 "&$AZ54&"가지뿐 — 빠진 단계 확인","○ 좋음 (하는 일 "&$AZ54&"가지)")))) | AR54: =IF($L54="","",IF($BA54=0,"○ 다 채웠음","⚠ "&$BA54&"칸 비었음")) | AS54: =IF($L54="","",IF($BB54="","○ 문제 없음","⚠ "&LEFT($BB54,LEN($BB54)-3))) | AV54: =IF($L54="","",TRIM(RIGHT(SUBSTITUTE($AW54," ",REPT(" ",120)),120))) | AW54: =SUBSTITUTE($L54,CHAR(10)," ") | AX54: =SUBSTITUTE($J54,CHAR(10)," ") | AY54: =IF($L54="","",IF(SUMPRODUCT(--ISNUMBER(SEARCH({"조회","수집","추출","검색","파악","취합","조달","접수","연계","연동","선별","확보","입수","조사","식별","검출","감지","스크랩","필터링"},$AV54)))>0,"조회",IF(SUMPRODUCT(--ISNUMBER(SEARCH({"검토","검증","판정","판별","확인","승인","선정","대조","점검","분류","확정","평가","판단","심사","검수","비교","결정","구분","진단","판독","협의"},$AV54)))>0,"검증",IF(SUMPRODUCT(--ISNUMBER(SEARCH({"등록","발송","배포","제출","보고","이관","업로드","비치","공유","통보","알림","축적","저장","안내","제시","전달","회신","게시","기록","전파","제공","공지","요청","지시","배정","회부"},$AV54)))>0,"등록",IF(SUMPRODUCT(--ISNUMBER(SEARCH({"작성","생성","산출","제작","입력","정리","집계","분석","정형화","도출","보정","구성","정렬","반영","수립","설계","보완","요약","번역","정의","산정","갱신","수정","편성","설정","누적","가공","변환","시각화","편집","통합","부여","정제","기입","조정","제거","표시","채번"},$AV54)))>0,"작성","기타"))))) | AZ54: =IF($L54="","",(COUNTIFS($C$6:$C$62,$C54,$AY$6:$AY$62,"조회")>0)+(COUNTIFS($C$6:$C$62,$C54,$AY$6:$AY$62,"작성")>0)+(COUNTIFS($C$6:$C$62,$C54,$AY$6:$AY$62,"검증")>0)+(COUNTIFS($C$6:$C$62,$C54,$AY$6:$AY$62,"등록")>0)) | BA54: =IF($L54="",0,IF($X54="신설",0,COUNTBLANK($N54)+COUNTBLANK($P54)+COUNTBLANK($Q54)+COUNTBLANK($R54)+IF($R54="건별/비정기",COUNTBLANK($T54),IF($R54="",0,COUNTBLANK($S54))))+IF($X54="삭제",0,COUNTBLANK($AC54)+COUNTBLANK($AD54))) -> 0 | BB54: =IF($L54="","",IF(AND($AX54<>"",ISNUMBER(SEARCH($AX54,$AW54))),"L5 이름을 그대로 씀 · ","")&IF(AND($L54<>"",$L54=$Z54),"개선 후 설명이 똑같음 · ","")&IF(COUNTIFS($C$6:$C$62,$C54,$L$6:$L$62,$L54)>1,"같은 내용이 또 있음 · ","")&IF(AND($U54<>"",$U54=$V54),"필요 자료와 산출물이 같음 · ","")&IF(AND($C54=$C5,$V5<>"",$U54<>"",ISERROR(SEARCH(SUBSTITUTE($V5,CHAR(10)," "),SUBSTITUTE($U54,CHAR(10)," "))),ISERROR(SEARCH(SUBSTITUTE($U54,CHAR(10)," "),SUBSTITUTE($V5,CHAR(10)," ")))),"앞 산출물과 이어지지 않음 · ","")&IF(SUMPRODUCT(--ISNUMBER(SEARCH({"관리한다","처리한다","수행한다","진행한다"},$AW54)))>0,"뭉뚱그린 동사 · ","")&IF(ISNUMBER(SEARCH("하고 ",$AW54)),"한 줄에 동작 2개 · ","")&IF(RIGHT($L54,2)<>"한다","~한다 로 안 끝남 · ","")&IF(AND($P54<>"",N($P54)>60),"1건 60분 넘음 — 더 쪼개세요 · ","")&IF(AND($AA54="AI",$AD54<>"",N($AD54)>0),"AI 혼자 하는데 사람 인원 있음 · ","")&IF(AND($AA54="AI+사람",$AD54<>"",N($AD54)=0),"사람이 확인한다는데 인원 0 · ","")&IF(AND($X54="유지",$Y54="AI"),"그대로 두는데 AI 를 쓴다고 함 · ","")&IF(AND($X54="신설",COUNT($P54,$Q54)>0),"새로 생기는 일인데 현재 공수가 있음 · ","")&IF(AND($X54="삭제",COUNT($AC54,$AD54)>0),"없애는 일인데 개선 후 공수가 있음 · ","")&IF(AND($X54<>"신설",N($AH54)>0,N($AI54)>N($AH54)),"개선 후가 지금보다 더 오래 걸림 · ","")) | BC54: =IFERROR(IF($L54="",0,1/$AP54),0) -> 0
K55: =IF($L55="","",$C55&"-"&TEXT(COUNTIFS($C$6:$C55,$C55),"00")) | AH55: =IF(OR($Q55="",$Q55=0,$P55=""),0,ROUND($P55*$Q55*IFERROR(IF($R55="건별/비정기",$T55,VLOOKUP($R55,'04.코드표'!$K$5:$L$8,2,FALSE)*$S55),0)/60,1)) -> 0 | AI55: =IF(OR($AD55="",$AD55=0,$AC55=""),0,ROUND($AC55*$AD55*IFERROR(IF($R55="건별/비정기",$T55,VLOOKUP($R55,'04.코드표'!$K$5:$L$8,2,FALSE)*$S55),0)/60,1)) -> 0 | AJ55: =IF($L55="","",$AH55-$AI55) | AK55: =IF($L55="","",ROUND($AJ55/'04.코드표'!$L$11,2)) | AP55: =IF($L55="","",COUNTIFS($C$6:$C$62,$C55)) | AQ55: =IF($L55="","",IF($AP55=1,"⚠ 1개뿐 — 더 쪼개세요",IF($AP55=2,"△ 2개뿐 — 빠진 단계 확인",IF($AZ55<=2,"△ 하는 일이 "&$AZ55&"가지뿐 — 빠진 단계 확인","○ 좋음 (하는 일 "&$AZ55&"가지)")))) | AR55: =IF($L55="","",IF($BA55=0,"○ 다 채웠음","⚠ "&$BA55&"칸 비었음")) | AS55: =IF($L55="","",IF($BB55="","○ 문제 없음","⚠ "&LEFT($BB55,LEN($BB55)-3))) | AV55: =IF($L55="","",TRIM(RIGHT(SUBSTITUTE($AW55," ",REPT(" ",120)),120))) | AW55: =SUBSTITUTE($L55,CHAR(10)," ") | AX55: =SUBSTITUTE($J55,CHAR(10)," ") | AY55: =IF($L55="","",IF(SUMPRODUCT(--ISNUMBER(SEARCH({"조회","수집","추출","검색","파악","취합","조달","접수","연계","연동","선별","확보","입수","조사","식별","검출","감지","스크랩","필터링"},$AV55)))>0,"조회",IF(SUMPRODUCT(--ISNUMBER(SEARCH({"검토","검증","판정","판별","확인","승인","선정","대조","점검","분류","확정","평가","판단","심사","검수","비교","결정","구분","진단","판독","협의"},$AV55)))>0,"검증",IF(SUMPRODUCT(--ISNUMBER(SEARCH({"등록","발송","배포","제출","보고","이관","업로드","비치","공유","통보","알림","축적","저장","안내","제시","전달","회신","게시","기록","전파","제공","공지","요청","지시","배정","회부"},$AV55)))>0,"등록",IF(SUMPRODUCT(--ISNUMBER(SEARCH({"작성","생성","산출","제작","입력","정리","집계","분석","정형화","도출","보정","구성","정렬","반영","수립","설계","보완","요약","번역","정의","산정","갱신","수정","편성","설정","누적","가공","변환","시각화","편집","통합","부여","정제","기입","조정","제거","표시","채번"},$AV55)))>0,"작성","기타"))))) | AZ55: =IF($L55="","",(COUNTIFS($C$6:$C$62,$C55,$AY$6:$AY$62,"조회")>0)+(COUNTIFS($C$6:$C$62,$C55,$AY$6:$AY$62,"작성")>0)+(COUNTIFS($C$6:$C$62,$C55,$AY$6:$AY$62,"검증")>0)+(COUNTIFS($C$6:$C$62,$C55,$AY$6:$AY$62,"등록")>0)) | BA55: =IF($L55="",0,IF($X55="신설",0,COUNTBLANK($N55)+COUNTBLANK($P55)+COUNTBLANK($Q55)+COUNTBLANK($R55)+IF($R55="건별/비정기",COUNTBLANK($T55),IF($R55="",0,COUNTBLANK($S55))))+IF($X55="삭제",0,COUNTBLANK($AC55)+COUNTBLANK($AD55))) -> 0 | BB55: =IF($L55="","",IF(AND($AX55<>"",ISNUMBER(SEARCH($AX55,$AW55))),"L5 이름을 그대로 씀 · ","")&IF(AND($L55<>"",$L55=$Z55),"개선 후 설명이 똑같음 · ","")&IF(COUNTIFS($C$6:$C$62,$C55,$L$6:$L$62,$L55)>1,"같은 내용이 또 있음 · ","")&IF(AND($U55<>"",$U55=$V55),"필요 자료와 산출물이 같음 · ","")&IF(AND($C55=$C5,$V5<>"",$U55<>"",ISERROR(SEARCH(SUBSTITUTE($V5,CHAR(10)," "),SUBSTITUTE($U55,CHAR(10)," "))),ISERROR(SEARCH(SUBSTITUTE($U55,CHAR(10)," "),SUBSTITUTE($V5,CHAR(10)," ")))),"앞 산출물과 이어지지 않음 · ","")&IF(SUMPRODUCT(--ISNUMBER(SEARCH({"관리한다","처리한다","수행한다","진행한다"},$AW55)))>0,"뭉뚱그린 동사 · ","")&IF(ISNUMBER(SEARCH("하고 ",$AW55)),"한 줄에 동작 2개 · ","")&IF(RIGHT($L55,2)<>"한다","~한다 로 안 끝남 · ","")&IF(AND($P55<>"",N($P55)>60),"1건 60분 넘음 — 더 쪼개세요 · ","")&IF(AND($AA55="AI",$AD55<>"",N($AD55)>0),"AI 혼자 하는데 사람 인원 있음 · ","")&IF(AND($AA55="AI+사람",$AD55<>"",N($AD55)=0),"사람이 확인한다는데 인원 0 · ","")&IF(AND($X55="유지",$Y55="AI"),"그대로 두는데 AI 를 쓴다고 함 · ","")&IF(AND($X55="신설",COUNT($P55,$Q55)>0),"새로 생기는 일인데 현재 공수가 있음 · ","")&IF(AND($X55="삭제",COUNT($AC55,$AD55)>0),"없애는 일인데 개선 후 공수가 있음 · ","")&IF(AND($X55<>"신설",N($AH55)>0,N($AI55)>N($AH55)),"개선 후가 지금보다 더 오래 걸림 · ","")) | BC55: =IFERROR(IF($L55="",0,1/$AP55),0) -> 0
K56: =IF($L56="","",$C56&"-"&TEXT(COUNTIFS($C$6:$C56,$C56),"00")) | AH56: =IF(OR($Q56="",$Q56=0,$P56=""),0,ROUND($P56*$Q56*IFERROR(IF($R56="건별/비정기",$T56,VLOOKUP($R56,'04.코드표'!$K$5:$L$8,2,FALSE)*$S56),0)/60,1)) -> 0 | AI56: =IF(OR($AD56="",$AD56=0,$AC56=""),0,ROUND($AC56*$AD56*IFERROR(IF($R56="건별/비정기",$T56,VLOOKUP($R56,'04.코드표'!$K$5:$L$8,2,FALSE)*$S56),0)/60,1)) -> 0 | AJ56: =IF($L56="","",$AH56-$AI56) | AK56: =IF($L56="","",ROUND($AJ56/'04.코드표'!$L$11,2)) | AP56: =IF($L56="","",COUNTIFS($C$6:$C$62,$C56)) | AQ56: =IF($L56="","",IF($AP56=1,"⚠ 1개뿐 — 더 쪼개세요",IF($AP56=2,"△ 2개뿐 — 빠진 단계 확인",IF($AZ56<=2,"△ 하는 일이 "&$AZ56&"가지뿐 — 빠진 단계 확인","○ 좋음 (하는 일 "&$AZ56&"가지)")))) | AR56: =IF($L56="","",IF($BA56=0,"○ 다 채웠음","⚠ "&$BA56&"칸 비었음")) | AS56: =IF($L56="","",IF($BB56="","○ 문제 없음","⚠ "&LEFT($BB56,LEN($BB56)-3))) | AV56: =IF($L56="","",TRIM(RIGHT(SUBSTITUTE($AW56," ",REPT(" ",120)),120))) | AW56: =SUBSTITUTE($L56,CHAR(10)," ") | AX56: =SUBSTITUTE($J56,CHAR(10)," ") | AY56: =IF($L56="","",IF(SUMPRODUCT(--ISNUMBER(SEARCH({"조회","수집","추출","검색","파악","취합","조달","접수","연계","연동","선별","확보","입수","조사","식별","검출","감지","스크랩","필터링"},$AV56)))>0,"조회",IF(SUMPRODUCT(--ISNUMBER(SEARCH({"검토","검증","판정","판별","확인","승인","선정","대조","점검","분류","확정","평가","판단","심사","검수","비교","결정","구분","진단","판독","협의"},$AV56)))>0,"검증",IF(SUMPRODUCT(--ISNUMBER(SEARCH({"등록","발송","배포","제출","보고","이관","업로드","비치","공유","통보","알림","축적","저장","안내","제시","전달","회신","게시","기록","전파","제공","공지","요청","지시","배정","회부"},$AV56)))>0,"등록",IF(SUMPRODUCT(--ISNUMBER(SEARCH({"작성","생성","산출","제작","입력","정리","집계","분석","정형화","도출","보정","구성","정렬","반영","수립","설계","보완","요약","번역","정의","산정","갱신","수정","편성","설정","누적","가공","변환","시각화","편집","통합","부여","정제","기입","조정","제거","표시","채번"},$AV56)))>0,"작성","기타"))))) | AZ56: =IF($L56="","",(COUNTIFS($C$6:$C$62,$C56,$AY$6:$AY$62,"조회")>0)+(COUNTIFS($C$6:$C$62,$C56,$AY$6:$AY$62,"작성")>0)+(COUNTIFS($C$6:$C$62,$C56,$AY$6:$AY$62,"검증")>0)+(COUNTIFS($C$6:$C$62,$C56,$AY$6:$AY$62,"등록")>0)) | BA56: =IF($L56="",0,IF($X56="신설",0,COUNTBLANK($N56)+COUNTBLANK($P56)+COUNTBLANK($Q56)+COUNTBLANK($R56)+IF($R56="건별/비정기",COUNTBLANK($T56),IF($R56="",0,COUNTBLANK($S56))))+IF($X56="삭제",0,COUNTBLANK($AC56)+COUNTBLANK($AD56))) -> 0 | BB56: =IF($L56="","",IF(AND($AX56<>"",ISNUMBER(SEARCH($AX56,$AW56))),"L5 이름을 그대로 씀 · ","")&IF(AND($L56<>"",$L56=$Z56),"개선 후 설명이 똑같음 · ","")&IF(COUNTIFS($C$6:$C$62,$C56,$L$6:$L$62,$L56)>1,"같은 내용이 또 있음 · ","")&IF(AND($U56<>"",$U56=$V56),"필요 자료와 산출물이 같음 · ","")&IF(AND($C56=$C5,$V5<>"",$U56<>"",ISERROR(SEARCH(SUBSTITUTE($V5,CHAR(10)," "),SUBSTITUTE($U56,CHAR(10)," "))),ISERROR(SEARCH(SUBSTITUTE($U56,CHAR(10)," "),SUBSTITUTE($V5,CHAR(10)," ")))),"앞 산출물과 이어지지 않음 · ","")&IF(SUMPRODUCT(--ISNUMBER(SEARCH({"관리한다","처리한다","수행한다","진행한다"},$AW56)))>0,"뭉뚱그린 동사 · ","")&IF(ISNUMBER(SEARCH("하고 ",$AW56)),"한 줄에 동작 2개 · ","")&IF(RIGHT($L56,2)<>"한다","~한다 로 안 끝남 · ","")&IF(AND($P56<>"",N($P56)>60),"1건 60분 넘음 — 더 쪼개세요 · ","")&IF(AND($AA56="AI",$AD56<>"",N($AD56)>0),"AI 혼자 하는데 사람 인원 있음 · ","")&IF(AND($AA56="AI+사람",$AD56<>"",N($AD56)=0),"사람이 확인한다는데 인원 0 · ","")&IF(AND($X56="유지",$Y56="AI"),"그대로 두는데 AI 를 쓴다고 함 · ","")&IF(AND($X56="신설",COUNT($P56,$Q56)>0),"새로 생기는 일인데 현재 공수가 있음 · ","")&IF(AND($X56="삭제",COUNT($AC56,$AD56)>0),"없애는 일인데 개선 후 공수가 있음 · ","")&IF(AND($X56<>"신설",N($AH56)>0,N($AI56)>N($AH56)),"개선 후가 지금보다 더 오래 걸림 · ","")) | BC56: =IFERROR(IF($L56="",0,1/$AP56),0) -> 0
K57: =IF($L57="","",$C57&"-"&TEXT(COUNTIFS($C$6:$C57,$C57),"00")) | AH57: =IF(OR($Q57="",$Q57=0,$P57=""),0,ROUND($P57*$Q57*IFERROR(IF($R57="건별/비정기",$T57,VLOOKUP($R57,'04.코드표'!$K$5:$L$8,2,FALSE)*$S57),0)/60,1)) -> 0 | AI57: =IF(OR($AD57="",$AD57=0,$AC57=""),0,ROUND($AC57*$AD57*IFERROR(IF($R57="건별/비정기",$T57,VLOOKUP($R57,'04.코드표'!$K$5:$L$8,2,FALSE)*$S57),0)/60,1)) -> 0 | AJ57: =IF($L57="","",$AH57-$AI57) | AK57: =IF($L57="","",ROUND($AJ57/'04.코드표'!$L$11,2)) | AP57: =IF($L57="","",COUNTIFS($C$6:$C$62,$C57)) | AQ57: =IF($L57="","",IF($AP57=1,"⚠ 1개뿐 — 더 쪼개세요",IF($AP57=2,"△ 2개뿐 — 빠진 단계 확인",IF($AZ57<=2,"△ 하는 일이 "&$AZ57&"가지뿐 — 빠진 단계 확인","○ 좋음 (하는 일 "&$AZ57&"가지)")))) | AR57: =IF($L57="","",IF($BA57=0,"○ 다 채웠음","⚠ "&$BA57&"칸 비었음")) | AS57: =IF($L57="","",IF($BB57="","○ 문제 없음","⚠ "&LEFT($BB57,LEN($BB57)-3))) | AV57: =IF($L57="","",TRIM(RIGHT(SUBSTITUTE($AW57," ",REPT(" ",120)),120))) | AW57: =SUBSTITUTE($L57,CHAR(10)," ") | AX57: =SUBSTITUTE($J57,CHAR(10)," ") | AY57: =IF($L57="","",IF(SUMPRODUCT(--ISNUMBER(SEARCH({"조회","수집","추출","검색","파악","취합","조달","접수","연계","연동","선별","확보","입수","조사","식별","검출","감지","스크랩","필터링"},$AV57)))>0,"조회",IF(SUMPRODUCT(--ISNUMBER(SEARCH({"검토","검증","판정","판별","확인","승인","선정","대조","점검","분류","확정","평가","판단","심사","검수","비교","결정","구분","진단","판독","협의"},$AV57)))>0,"검증",IF(SUMPRODUCT(--ISNUMBER(SEARCH({"등록","발송","배포","제출","보고","이관","업로드","비치","공유","통보","알림","축적","저장","안내","제시","전달","회신","게시","기록","전파","제공","공지","요청","지시","배정","회부"},$AV57)))>0,"등록",IF(SUMPRODUCT(--ISNUMBER(SEARCH({"작성","생성","산출","제작","입력","정리","집계","분석","정형화","도출","보정","구성","정렬","반영","수립","설계","보완","요약","번역","정의","산정","갱신","수정","편성","설정","누적","가공","변환","시각화","편집","통합","부여","정제","기입","조정","제거","표시","채번"},$AV57)))>0,"작성","기타"))))) | AZ57: =IF($L57="","",(COUNTIFS($C$6:$C$62,$C57,$AY$6:$AY$62,"조회")>0)+(COUNTIFS($C$6:$C$62,$C57,$AY$6:$AY$62,"작성")>0)+(COUNTIFS($C$6:$C$62,$C57,$AY$6:$AY$62,"검증")>0)+(COUNTIFS($C$6:$C$62,$C57,$AY$6:$AY$62,"등록")>0)) | BA57: =IF($L57="",0,IF($X57="신설",0,COUNTBLANK($N57)+COUNTBLANK($P57)+COUNTBLANK($Q57)+COUNTBLANK($R57)+IF($R57="건별/비정기",COUNTBLANK($T57),IF($R57="",0,COUNTBLANK($S57))))+IF($X57="삭제",0,COUNTBLANK($AC57)+COUNTBLANK($AD57))) -> 0 | BB57: =IF($L57="","",IF(AND($AX57<>"",ISNUMBER(SEARCH($AX57,$AW57))),"L5 이름을 그대로 씀 · ","")&IF(AND($L57<>"",$L57=$Z57),"개선 후 설명이 똑같음 · ","")&IF(COUNTIFS($C$6:$C$62,$C57,$L$6:$L$62,$L57)>1,"같은 내용이 또 있음 · ","")&IF(AND($U57<>"",$U57=$V57),"필요 자료와 산출물이 같음 · ","")&IF(AND($C57=$C5,$V5<>"",$U57<>"",ISERROR(SEARCH(SUBSTITUTE($V5,CHAR(10)," "),SUBSTITUTE($U57,CHAR(10)," "))),ISERROR(SEARCH(SUBSTITUTE($U57,CHAR(10)," "),SUBSTITUTE($V5,CHAR(10)," ")))),"앞 산출물과 이어지지 않음 · ","")&IF(SUMPRODUCT(--ISNUMBER(SEARCH({"관리한다","처리한다","수행한다","진행한다"},$AW57)))>0,"뭉뚱그린 동사 · ","")&IF(ISNUMBER(SEARCH("하고 ",$AW57)),"한 줄에 동작 2개 · ","")&IF(RIGHT($L57,2)<>"한다","~한다 로 안 끝남 · ","")&IF(AND($P57<>"",N($P57)>60),"1건 60분 넘음 — 더 쪼개세요 · ","")&IF(AND($AA57="AI",$AD57<>"",N($AD57)>0),"AI 혼자 하는데 사람 인원 있음 · ","")&IF(AND($AA57="AI+사람",$AD57<>"",N($AD57)=0),"사람이 확인한다는데 인원 0 · ","")&IF(AND($X57="유지",$Y57="AI"),"그대로 두는데 AI 를 쓴다고 함 · ","")&IF(AND($X57="신설",COUNT($P57,$Q57)>0),"새로 생기는 일인데 현재 공수가 있음 · ","")&IF(AND($X57="삭제",COUNT($AC57,$AD57)>0),"없애는 일인데 개선 후 공수가 있음 · ","")&IF(AND($X57<>"신설",N($AH57)>0,N($AI57)>N($AH57)),"개선 후가 지금보다 더 오래 걸림 · ","")) | BC57: =IFERROR(IF($L57="",0,1/$AP57),0) -> 0
K58: =IF($L58="","",$C58&"-"&TEXT(COUNTIFS($C$6:$C58,$C58),"00")) | AH58: =IF(OR($Q58="",$Q58=0,$P58=""),0,ROUND($P58*$Q58*IFERROR(IF($R58="건별/비정기",$T58,VLOOKUP($R58,'04.코드표'!$K$5:$L$8,2,FALSE)*$S58),0)/60,1)) -> 0 | AI58: =IF(OR($AD58="",$AD58=0,$AC58=""),0,ROUND($AC58*$AD58*IFERROR(IF($R58="건별/비정기",$T58,VLOOKUP($R58,'04.코드표'!$K$5:$L$8,2,FALSE)*$S58),0)/60,1)) -> 0 | AJ58: =IF($L58="","",$AH58-$AI58) | AK58: =IF($L58="","",ROUND($AJ58/'04.코드표'!$L$11,2)) | AP58: =IF($L58="","",COUNTIFS($C$6:$C$62,$C58)) | AQ58: =IF($L58="","",IF($AP58=1,"⚠ 1개뿐 — 더 쪼개세요",IF($AP58=2,"△ 2개뿐 — 빠진 단계 확인",IF($AZ58<=2,"△ 하는 일이 "&$AZ58&"가지뿐 — 빠진 단계 확인","○ 좋음 (하는 일 "&$AZ58&"가지)")))) | AR58: =IF($L58="","",IF($BA58=0,"○ 다 채웠음","⚠ "&$BA58&"칸 비었음")) | AS58: =IF($L58="","",IF($BB58="","○ 문제 없음","⚠ "&LEFT($BB58,LEN($BB58)-3))) | AV58: =IF($L58="","",TRIM(RIGHT(SUBSTITUTE($AW58," ",REPT(" ",120)),120))) | AW58: =SUBSTITUTE($L58,CHAR(10)," ") | AX58: =SUBSTITUTE($J58,CHAR(10)," ") | AY58: =IF($L58="","",IF(SUMPRODUCT(--ISNUMBER(SEARCH({"조회","수집","추출","검색","파악","취합","조달","접수","연계","연동","선별","확보","입수","조사","식별","검출","감지","스크랩","필터링"},$AV58)))>0,"조회",IF(SUMPRODUCT(--ISNUMBER(SEARCH({"검토","검증","판정","판별","확인","승인","선정","대조","점검","분류","확정","평가","판단","심사","검수","비교","결정","구분","진단","판독","협의"},$AV58)))>0,"검증",IF(SUMPRODUCT(--ISNUMBER(SEARCH({"등록","발송","배포","제출","보고","이관","업로드","비치","공유","통보","알림","축적","저장","안내","제시","전달","회신","게시","기록","전파","제공","공지","요청","지시","배정","회부"},$AV58)))>0,"등록",IF(SUMPRODUCT(--ISNUMBER(SEARCH({"작성","생성","산출","제작","입력","정리","집계","분석","정형화","도출","보정","구성","정렬","반영","수립","설계","보완","요약","번역","정의","산정","갱신","수정","편성","설정","누적","가공","변환","시각화","편집","통합","부여","정제","기입","조정","제거","표시","채번"},$AV58)))>0,"작성","기타"))))) | AZ58: =IF($L58="","",(COUNTIFS($C$6:$C$62,$C58,$AY$6:$AY$62,"조회")>0)+(COUNTIFS($C$6:$C$62,$C58,$AY$6:$AY$62,"작성")>0)+(COUNTIFS($C$6:$C$62,$C58,$AY$6:$AY$62,"검증")>0)+(COUNTIFS($C$6:$C$62,$C58,$AY$6:$AY$62,"등록")>0)) | BA58: =IF($L58="",0,IF($X58="신설",0,COUNTBLANK($N58)+COUNTBLANK($P58)+COUNTBLANK($Q58)+COUNTBLANK($R58)+IF($R58="건별/비정기",COUNTBLANK($T58),IF($R58="",0,COUNTBLANK($S58))))+IF($X58="삭제",0,COUNTBLANK($AC58)+COUNTBLANK($AD58))) -> 0 | BB58: =IF($L58="","",IF(AND($AX58<>"",ISNUMBER(SEARCH($AX58,$AW58))),"L5 이름을 그대로 씀 · ","")&IF(AND($L58<>"",$L58=$Z58),"개선 후 설명이 똑같음 · ","")&IF(COUNTIFS($C$6:$C$62,$C58,$L$6:$L$62,$L58)>1,"같은 내용이 또 있음 · ","")&IF(AND($U58<>"",$U58=$V58),"필요 자료와 산출물이 같음 · ","")&IF(AND($C58=$C5,$V5<>"",$U58<>"",ISERROR(SEARCH(SUBSTITUTE($V5,CHAR(10)," "),SUBSTITUTE($U58,CHAR(10)," "))),ISERROR(SEARCH(SUBSTITUTE($U58,CHAR(10)," "),SUBSTITUTE($V5,CHAR(10)," ")))),"앞 산출물과 이어지지 않음 · ","")&IF(SUMPRODUCT(--ISNUMBER(SEARCH({"관리한다","처리한다","수행한다","진행한다"},$AW58)))>0,"뭉뚱그린 동사 · ","")&IF(ISNUMBER(SEARCH("하고 ",$AW58)),"한 줄에 동작 2개 · ","")&IF(RIGHT($L58,2)<>"한다","~한다 로 안 끝남 · ","")&IF(AND($P58<>"",N($P58)>60),"1건 60분 넘음 — 더 쪼개세요 · ","")&IF(AND($AA58="AI",$AD58<>"",N($AD58)>0),"AI 혼자 하는데 사람 인원 있음 · ","")&IF(AND($AA58="AI+사람",$AD58<>"",N($AD58)=0),"사람이 확인한다는데 인원 0 · ","")&IF(AND($X58="유지",$Y58="AI"),"그대로 두는데 AI 를 쓴다고 함 · ","")&IF(AND($X58="신설",COUNT($P58,$Q58)>0),"새로 생기는 일인데 현재 공수가 있음 · ","")&IF(AND($X58="삭제",COUNT($AC58,$AD58)>0),"없애는 일인데 개선 후 공수가 있음 · ","")&IF(AND($X58<>"신설",N($AH58)>0,N($AI58)>N($AH58)),"개선 후가 지금보다 더 오래 걸림 · ","")) | BC58: =IFERROR(IF($L58="",0,1/$AP58),0) -> 0
